Name,Link
Michael James Stewart,https://www.cricketcountry.com/players/micky-stewart/
Michael Walter William Selvey,https://www.cricketcountry.com/players/mike-selvey/
Michael John Knight Smith,https://www.cricketcountry.com/players/mike-smith/
Minal Mahesh Patel,https://www.cricketcountry.com/players/min-patel/
Montague Parker Bowden,https://www.cricketcountry.com/players/monty-bowden/
Mordecai Sherwin,https://www.cricketcountry.com/players/mordecai-sherwin/
Morice Carlos Bird,https://www.cricketcountry.com/players/morice-bird/
Neil Alan Mallender,https://www.cricketcountry.com/players/neil-mallender/
Neil FetzGerald Williams,https://www.cricketcountry.com/players/neil-williams/
Neville Alexander Knox,https://www.cricketcountry.com/players/neville-knox/
Neville Charsley Tufnell,https://www.cricketcountry.com/players/neville-tufnell/
Nicholas Richard Denis Compton,https://www.cricketcountry.com/players/nick-compton/
Nigel Esmé Haig,https://www.cricketcountry.com/players/nigel-haig/
Nigel David Howard,https://www.cricketcountry.com/players/nigel-howard/
Edward Winchester Clark,https://www.cricketcountry.com/players/nobby-clark/
Norman Stewart Mitchell-Innes,https://www.cricketcountry.com/players/norman-mitchell-innes/
Norman Walter Dransfield Yardley,https://www.cricketcountry.com/players/norman-yardley/
Elias Henry Hendren,https://www.cricketcountry.com/players/patsy-hendren/
Paul Antony Gibb,https://www.cricketcountry.com/players/paul-gibb/
Paul William Giles Parker,https://www.cricketcountry.com/players/paul-parker/
Vivian Paul Terry,https://www.cricketcountry.com/players/paul-terry/
Arthur Percy Frank Chapman,https://www.cricketcountry.com/players/percy-chapman/
Percy George Herbert Fender,https://www.cricketcountry.com/players/percy-fender/
Percy Holmes,https://www.cricketcountry.com/players/percy-holmes/
Peter James Loader,https://www.cricketcountry.com/players/peter-loader/
Peter Barker Howard May,https://www.cricketcountry.com/players/peter-may/
Peter Howard Parfitt,https://www.cricketcountry.com/players/peter-parfitt/
Peter Edward Richardson,https://www.cricketcountry.com/players/peter-richardson/
Thomas Peter Bromley Smith,https://www.cricketcountry.com/players/peter-smith/
Peter Mark Such,https://www.cricketcountry.com/players/peter-such/
Peter Michael Walker,https://www.cricketcountry.com/players/peter-walker/
Charles Philip Mead,https://www.cricketcountry.com/players/phil-mead/
Philip John Newport,https://www.cricketcountry.com/players/phil-newport/
Philip John Sharpe,https://www.cricketcountry.com/players/philip-sharpe/
Pelham Francis Warner,https://www.cricketcountry.com/players/plum-warner/
Raman Subba Row,https://www.cricketcountry.com/players/raman-subba-row/
Reginald Thomas David Perks,https://www.cricketcountry.com/players/reg-perks/
Reginald Thomas Simpson,https://www.cricketcountry.com/players/reg-simpson/
Reginald Albert Sinfield,https://www.cricketcountry.com/players/reg-sinfield/
Reginald Herbert Spooner,https://www.cricketcountry.com/players/reggie-spooner/
Reginald Erskine Foster,https://www.cricketcountry.com/players/reginald-foster/
Reginald Wood,https://www.cricketcountry.com/players/reginald-wood/
Richard Kevin James Dawson,https://www.cricketcountry.com/players/richard-dawson/
Richard Anthony Hutton,https://www.cricketcountry.com/players/richard-hutton/
Robin Nicholas Stuart Hobbs,https://www.cricketcountry.com/players/robin-hobbs/
Evelyn Rockley Wilson,https://www.cricketcountry.com/players/rockley-wilson/
Roger Malcolm Prideaux,https://www.cricketcountry.com/players/roger-prideaux/
Roland Oliver Jenkins,https://www.cricketcountry.com/players/roly-jenkins/
Ronald Thomas Stanyforth,https://www.cricketcountry.com/players/ronald-stanyforth/
Roy Kilner,https://www.cricketcountry.com/players/roy-kilner/
Roy Swetman,https://www.cricketcountry.com/players/roy-swetman/
Roy Tattersall,https://www.cricketcountry.com/players/roy-tattersall/
Harding Isaac Young,https://www.cricketcountry.com/players/sailor-young/
Cecil Cook,https://www.cricketcountry.com/players/sam-cook/
Sam Curran,https://www.cricketcountry.com/players/sam-curran/
Samuel David Robson,https://www.cricketcountry.com/players/sam-robson/
Samuel James Staples,https://www.cricketcountry.com/players/sam-staples/
Samuel Moses James Woods,https://www.cricketcountry.com/players/sammy-woods/
Sandford Spence Schultz,https://www.cricketcountry.com/players/sandford-schultz/
Schofield Haigh,https://www.cricketcountry.com/players/schofield-haigh/
Septimus Kinneir,https://www.cricketcountry.com/players/sep-kinneir/
Henry Dudley Gresham Leveson-Gower,https://www.cricketcountry.com/players/shrimp-leveson-gower/
Simon John Emmerson Brown,https://www.cricketcountry.com/players/simon-brown/
Simon Christopher Kerrigan,https://www.cricketcountry.com/players/simon-kerrigan/
Morris Stanley Nichols,https://www.cricketcountry.com/players/stan-nichols/
Thomas Stanley Worthington,https://www.cricketcountry.com/players/stan-worthington/
Stanley Christopherson,https://www.cricketcountry.com/players/stanley-christopherson/
Francis Stanley Jackson,https://www.cricketcountry.com/players/stanley-jackson/
Stephen Peter James,https://www.cricketcountry.com/players/steve-james/
Sydney Francis Barnes,https://www.cricketcountry.com/players/sydney-barnes/
Edward George Arnold,https://www.cricketcountry.com/players/ted-arnold/
Edward Henry Bowley,https://www.cricketcountry.com/players/ted-bowley/
Edward Ralph Dexter,https://www.cricketcountry.com/players/ted-dexter/
Edwin James Tyler,https://www.cricketcountry.com/players/ted-tyler/
Edward Wainwright,https://www.cricketcountry.com/players/ted-wainwright/
Edward George Wynyard,https://www.cricketcountry.com/players/teddy-wynyard/
Walter Latter Cornford,https://www.cricketcountry.com/players/tich-cornford/
Alfred Percy Freeman,https://www.cricketcountry.com/players/tich-freeman/
Ernest James Smith,https://www.cricketcountry.com/players/tiger-smith/
Timothy Stephen Curtis,https://www.cricketcountry.com/players/tim-curtis/
