Name,Link
Timothy Alan Munton,https://www.cricketcountry.com/players/tim-munton/
Timothy Carew O'Brien,https://www.cricketcountry.com/players/tim-o-brien/
,https://www.cricketcountry.com/players/toby-roland-jones/
Thomas Armitage,https://www.cricketcountry.com/players/tom-armitage/
Thomas William Cartwright,https://www.cricketcountry.com/players/tom-cartwright/
Horace Edgar Dollery,https://www.cricketcountry.com/players/tom-dollery/
Thomas Emmett,https://www.cricketcountry.com/players/tom-emmett/
Thomas William John Goddard,https://www.cricketcountry.com/players/tom-goddard/
Thomas William Graveney,https://www.cricketcountry.com/players/tom-graveney/
Thomas Walter Hayward,https://www.cricketcountry.com/players/tom-hayward/
Edgar Thomas Killick,https://www.cricketcountry.com/players/tom-killick/
Thomas Richardson,https://www.cricketcountry.com/players/tom-richardson/
Thomas Greenhough,https://www.cricketcountry.com/players/tommy-greenhough/
Thomas Bignall Mitchell,https://www.cricketcountry.com/players/tommy-mitchell/
Anthony Robert Lewis,https://www.cricketcountry.com/players/tony-lewis/
Graham Anthony Richard Lock,https://www.cricketcountry.com/players/tony-lock/
Anthony Charles Shackleton Pigott,https://www.cricketcountry.com/players/tony-pigott/
Trevor Edward Bailey,https://www.cricketcountry.com/players/trevor-bailey/
Usman Afzaal,https://www.cricketcountry.com/players/usman-afzaal/
Vallance William Crisp Jupp,https://www.cricketcountry.com/players/vallance-jupp/
Vernon Peter Fanshawe Archer Royle,https://www.cricketcountry.com/players/vernon-royle/
Victor Alexander Barton,https://www.cricketcountry.com/players/vic-barton/
Walter Reginald Hammond,https://www.cricketcountry.com/players/wally-hammond/
Harold Thomas William Hardinge,https://www.cricketcountry.com/players/wally-hardinge/
Walter Brearley,https://www.cricketcountry.com/players/walter-brearley/
William Walter Keeton,https://www.cricketcountry.com/players/walter-keeton/
Walter Scott Lees,https://www.cricketcountry.com/players/walter-lees/
Walter Mead,https://www.cricketcountry.com/players/walter-mead/
Walter William Read,https://www.cricketcountry.com/players/walter-read/
Robert Walter Vivian Robins,https://www.cricketcountry.com/players/walter-robins/
Warren Kevin Hegg,https://www.cricketcountry.com/players/warren-hegg/
William Gilbert Grace,https://www.cricketcountry.com/players/wg-grace/
Wilfred Barber,https://www.cricketcountry.com/players/wilf-barber/
Wilfred Flowers,https://www.cricketcountry.com/players/wilfred-flowers/
Wilfred Rhodes,https://www.cricketcountry.com/players/wilfred-rhodes/
William Attewell,https://www.cricketcountry.com/players/william-attewell/
William Chatterton,https://www.cricketcountry.com/players/william-chatterton/
William Henry Scotton,https://www.cricketcountry.com/players/william-scotton/
William George Quaife,https://www.cricketcountry.com/players/willie-quaife/
Willie Watson,https://www.cricketcountry.com/players/willie-watson/
Willis Robert Cuttell,https://www.cricketcountry.com/players/willis-cuttell/
Winston Place,https://www.cricketcountry.com/players/winston-place/
