Name,Link
Clement Eustace Macro Wilson,https://www.cricketcountry.com/players/clem-wilson/
Clifford Gladwin,https://www.cricketcountry.com/players/cliff-gladwin/
Colin Blythe,https://www.cricketcountry.com/players/colin-blythe/
Colin Milburn,https://www.cricketcountry.com/players/colin-milburn/
Cyril John Poole,https://www.cricketcountry.com/players/cyril-poole/
Cyril Frederick Walters,https://www.cricketcountry.com/players/cyril-walters/
Cyril Washbrook,https://www.cricketcountry.com/players/cyril-washbrook/
Darren John Pattinson,https://www.cricketcountry.com/players/darren-pattinson/
David Arthur Allen,https://www.cricketcountry.com/players/david-allen/
David John Brown,https://www.cricketcountry.com/players/david-brown/
David Denton,https://www.cricketcountry.com/players/david-denton/
John David Frederick Larter,https://www.cricketcountry.com/players/david-larter/
David Stuart Sheppard,https://www.cricketcountry.com/players/david-sheppard/
David Robert Smith,https://www.cricketcountry.com/players/david-smith/
David Charles Humphery Townsend,https://www.cricketcountry.com/players/david-townsend/
Denis Charles Scott Compton,https://www.cricketcountry.com/players/denis-compton/
Denis Smith,https://www.cricketcountry.com/players/denis-smith/
Dennis Brookes,https://www.cricketcountry.com/players/dennis-brookes/
Derek Shackleton,https://www.cricketcountry.com/players/derek-shackleton/
Richard Gorton Barlow,https://www.cricketcountry.com/players/dick-barlow/
Richard Howorth,https://www.cricketcountry.com/players/dick-howorth/
Arthur Frederick Augustus Lilley,https://www.cricketcountry.com/players/dick-lilley/
Richard Pilling,https://www.cricketcountry.com/players/dick-pilling/
Richard Pollard,https://www.cricketcountry.com/players/dick-pollard/
Arthur Dick Pougher,https://www.cricketcountry.com/players/dick-pougher/
Derek Walter Richardson,https://www.cricketcountry.com/players/dick-richardson/
Richard Thompson Spooner,https://www.cricketcountry.com/players/dick-spooner/
Richard Knowles Tyldesley,https://www.cricketcountry.com/players/dick-tyldesley/
Richard Alfred Young,https://www.cricketcountry.com/players/dick-young/
William Wilfrid Whysall,https://www.cricketcountry.com/players/dodger-whysall/
Donald Vincent Brennan,https://www.cricketcountry.com/players/don-brennan/
Donald Kenyon,https://www.cricketcountry.com/players/don-kenyon/
Donald Wilson,https://www.cricketcountry.com/players/don-wilson/
Donald Bryce Carr,https://www.cricketcountry.com/players/donald-carr/
Donald John Knight,https://www.cricketcountry.com/players/donald-knight/
Donald Victor Smith,https://www.cricketcountry.com/players/donald-smith/
Douglas John Insole,https://www.cricketcountry.com/players/doug-insole/
Douglas Ernest Vernon Padgett,https://www.cricketcountry.com/players/doug-padgett/
Douglas Vivian Parson Wright,https://www.cricketcountry.com/players/doug-wright/
Douglas Ward Carr,https://www.cricketcountry.com/players/douglas-carr/
Douglas Robert Jardine,https://www.cricketcountry.com/players/douglas-jardine/
Edward Simon Hunter Giddins,https://www.cricketcountry.com/players/ed-giddins/
Edward Thomas Smith,https://www.cricketcountry.com/players/ed-smith/
Edward William Dawson,https://www.cricketcountry.com/players/eddie-dawson/
Edric Leadbeater,https://www.cricketcountry.com/players/eddie-leadbeater/
Edward Paynter,https://www.cricketcountry.com/players/eddie-paynter/
Edmund Peate,https://www.cricketcountry.com/players/edmund-peate/
Edward Ferdinando Sutton Tylecote,https://www.cricketcountry.com/players/edward-tylecote/
Edward Mills Grace,https://www.cricketcountry.com/players/em-grace/
Joseph Emile Patrick McMaster,https://www.cricketcountry.com/players/emile-mcmaster/
William Eric Hollies,https://www.cricketcountry.com/players/eric-hollies/
William Eric Russell,https://www.cricketcountry.com/players/eric-russell/
George Ernest Tyldesley,https://www.cricketcountry.com/players/ernest-tyldesley/
Ernest George Hayes,https://www.cricketcountry.com/players/ernie-hayes/
Errol Reginald Thorold Holmes,https://www.cricketcountry.com/players/errol-holmes/
William Ewart Astill,https://www.cricketcountry.com/players/ewart-astill/
Charles Stowell Marriott,https://www.cricketcountry.com/players/father-marriott/
Francis Gilbertson Justice Ford,https://www.cricketcountry.com/players/francis-ford/
Francis Alexander MacKinnon,https://www.cricketcountry.com/players/francis-mackinnon/
Norman Frank Druce,https://www.cricketcountry.com/players/frank-druce/
Frank Rowbotham Foster,https://www.cricketcountry.com/players/frank-foster/
Frank Anderson Lowson,https://www.cricketcountry.com/players/frank-lowson/
Francis Thomas Mann,https://www.cricketcountry.com/players/frank-mann/
Frank William Milligan,https://www.cricketcountry.com/players/frank-milligan/
Frank Penn,https://www.cricketcountry.com/players/frank-penn/
Thomas Francis Smailes,https://www.cricketcountry.com/players/frank-smailes/
Frank Howe Sugg,https://www.cricketcountry.com/players/frank-sugg/
Frank Holmes Tyson,https://www.cricketcountry.com/players/frank-tyson/
Frank Edward Woolley,https://www.cricketcountry.com/players/frank-woolley/
Alfred Harry Bakewell,https://www.cricketcountry.com/players/fred-bakewell/
Fred Barratt,https://www.cricketcountry.com/players/fred-barratt/
George Frederick Grace,https://www.cricketcountry.com/players/fred-grace/
Frederick Morley,https://www.cricketcountry.com/players/fred-morley/
Wilfred Frederick Frank Price,https://www.cricketcountry.com/players/fred-price/
Frederick Ridgway,https://www.cricketcountry.com/players/fred-ridgway/
Charles Frederick Root,https://www.cricketcountry.com/players/fred-root/
Frederick Edward Rumsey,https://www.cricketcountry.com/players/fred-rumsey/
Frederick William Tate,https://www.cricketcountry.com/players/fred-tate/
Frederick Sewards Trueman,https://www.cricketcountry.com/players/fred-trueman/
Frederick Richard Brown,https://www.cricketcountry.com/players/freddie-brown/
Frederick Somerset Gough Calthorpe,https://www.cricketcountry.com/players/freddie-calthorpe/
Frederick Luther Fane,https://www.cricketcountry.com/players/frederick-fane/
Frederick Martin,https://www.cricketcountry.com/players/frederick-martin/
Geoffrey Millman,https://www.cricketcountry.com/players/geoff-millman/
Geoffrey Pullar,https://www.cricketcountry.com/players/geoff-pullar/
Geoffrey Bevington Legge,https://www.cricketcountry.com/players/geoffrey-legge/
George Bean,https://www.cricketcountry.com/players/george-bean/
George Brown,https://www.cricketcountry.com/players/george-brown/
George Duckworth,https://www.cricketcountry.com/players/george-duckworth/
George Malcolm Emmett,https://www.cricketcountry.com/players/george-emmett/
George Geary,https://www.cricketcountry.com/players/george-geary/
George Gunn,https://www.cricketcountry.com/players/george-gunn/
George Gibbons Hearne,https://www.cricketcountry.com/players/george-hearne/
George Herbert Hirst,https://www.cricketcountry.com/players/george-hirst/
George Alfred Lohmann,https://www.cricketcountry.com/players/george-lohmann/
George Gibson Macaulay,https://www.cricketcountry.com/players/george-macaulay/
Francis George Mann,https://www.cricketcountry.com/players/george-mann/
George Alfred Edward Paine,https://www.cricketcountry.com/players/george-paine/
George Henry Pope,https://www.cricketcountry.com/players/george-pope/
George Hayward Thomas Simpson-Hayward,https://www.cricketcountry.com/players/george-simpson-hayward/
George Benjamin Street,https://www.cricketcountry.com/players/george-street/
George Brown Studd,https://www.cricketcountry.com/players/george-studd/
George Joseph Thompson,https://www.cricketcountry.com/players/george-thompson/
George Ulyett,https://www.cricketcountry.com/players/george-ulyett/
George Frederick Vernon,https://www.cricketcountry.com/players/george-vernon/
George Edward Charles Wood,https://www.cricketcountry.com/players/george-wood/
Gerald Arthur Smithson,https://www.cricketcountry.com/players/gerald-smithson/
Gilbert Laird Jessop,https://www.cricketcountry.com/players/gilbert-jessop/
William Gilbert Anthony Parkhouse,https://www.cricketcountry.com/players/gilbert-parkhouse/
Thomas Godfrey Evans,https://www.cricketcountry.com/players/godfrey-evans/
