Name,Link
Abraham Waddington,https://www.cricketcountry.com/players/abe-waddington/
Aftab Habib,https://www.cricketcountry.com/players/aftab-habib/
Alan Brown,https://www.cricketcountry.com/players/alan-brown/
Alan Edward Moss,https://www.cricketcountry.com/players/alan-moss/
Alan Stanley Myles Oakman,https://www.cricketcountry.com/players/alan-oakman/
Alan Christopher Smith,https://www.cricketcountry.com/players/alan-smith/
Alan Ward,https://www.cricketcountry.com/players/alan-ward/
Alan Wharton,https://www.cricketcountry.com/players/alan-wharton/
Albert Neilson Hornby,https://www.cricketcountry.com/players/albert-hornby/
Albert Ernest Knight,https://www.cricketcountry.com/players/albert-knight/
Albert Edward Relf,https://www.cricketcountry.com/players/albert-relf/
Albert Edwin Trott,https://www.cricketcountry.com/players/albert-trott/
Albert Ward,https://www.cricketcountry.com/players/albert-ward/
Alec Victor Bedser,https://www.cricketcountry.com/players/alec-bedser/
Alexander Coxon,https://www.cricketcountry.com/players/alec-coxon/
Alec Hearne,https://www.cricketcountry.com/players/alec-hearne/
Alexander Stuart Kennedy,https://www.cricketcountry.com/players/alex-kennedy/
Alexander Josiah Webbe,https://www.cricketcountry.com/players/alexander-webbe/
Alfred Richard Gover,https://www.cricketcountry.com/players/alf-gover/
Alfred German Archer,https://www.cricketcountry.com/players/alfred-archer/
Alfred Ernest Dipper,https://www.cricketcountry.com/players/alfred-dipper/
Alfred Lyttelton,https://www.cricketcountry.com/players/alfred-lyttelton/
Alfred Shaw,https://www.cricketcountry.com/players/alfred-shaw/
Allan Gibson Steel,https://www.cricketcountry.com/players/allan-steel/
Albert John Watkins,https://www.cricketcountry.com/players/allan-watkins/
Allen Hill,https://www.cricketcountry.com/players/allen-hill/
Amjad Khan,https://www.cricketcountry.com/players/amjad-khan/
Andrew Greenwood,https://www.cricketcountry.com/players/andrew-greenwood/
Andrew Ernest Stoddart,https://www.cricketcountry.com/players/andrew-stoddart/
Andrew Ducat,https://www.cricketcountry.com/players/andy-ducat/
Andrew Sandham,https://www.cricketcountry.com/players/andy-sandham/
Archibald Campbell MacLaren,https://www.cricketcountry.com/players/archie-maclaren/
Arnold Sidebottom,https://www.cricketcountry.com/players/arnie-sidebottom/
Arnold James Fothergill,https://www.cricketcountry.com/players/arnold-fothergill/
Arnold Warren,https://www.cricketcountry.com/players/arnold-warren/
Arthur William Carr,https://www.cricketcountry.com/players/arthur-carr/
Arthur Dolphin,https://www.cricketcountry.com/players/arthur-dolphin/
Arthur Edward Fagg,https://www.cricketcountry.com/players/arthur-fagg/
Arthur Fielder,https://www.cricketcountry.com/players/arthur-fielder/
Arthur Edward Robert Gilligan,https://www.cricketcountry.com/players/arthur-gilligan/
Arthur Owen Jones,https://www.cricketcountry.com/players/arthur-jones/
Arthur John William McIntyre,https://www.cricketcountry.com/players/arthur-mcintyre/
Clement Arthur Milton,https://www.cricketcountry.com/players/arthur-milton/
Arthur Mitchell,https://www.cricketcountry.com/players/arthur-mitchell/
Arthur Webb Mold,https://www.cricketcountry.com/players/arthur-mold/
Arthur Shrewsbury,https://www.cricketcountry.com/players/arthur-shrewsbury/
Arthur William Wellard,https://www.cricketcountry.com/players/arthur-wellard/
Arthur Wood,https://www.cricketcountry.com/players/arthur-wood/
Charles Aubrey Smith,https://www.cricketcountry.com/players/aubrey-smith/
Audley Montague Miller,https://www.cricketcountry.com/players/audley-miller/
Austin David George Matthews,https://www.cricketcountry.com/players/austin-matthews/
Barry Rolfe Knight,https://www.cricketcountry.com/players/barry-knight/
Basil Arthur Firebrace Grieve,https://www.cricketcountry.com/players/basil-grieve/
Bernard James Tindal Bosanquet,https://www.cricketcountry.com/players/bernard-bosanquet/
Herbert Strudwick,https://www.cricketcountry.com/players/bert-strudwick/
William Eric Bowes,https://www.cricketcountry.com/players/bill-bowes/
Walter Morris Bradley,https://www.cricketcountry.com/players/bill-bradley/
William Brockwell,https://www.cricketcountry.com/players/bill-brockwell/
William Henry Copson,https://www.cricketcountry.com/players/bill-copson/
William John Edrich,https://www.cricketcountry.com/players/bill-edrich/
William Farrimond,https://www.cricketcountry.com/players/bill-farrimond/
John William Hitch,https://www.cricketcountry.com/players/bill-hitch/
William Henry Lockwood,https://www.cricketcountry.com/players/bill-lockwood/
William Storer,https://www.cricketcountry.com/players/bill-storer/
William Voce,https://www.cricketcountry.com/players/bill-voce/
William Barnes,https://www.cricketcountry.com/players/billy-barnes/
Willie Bates,https://www.cricketcountry.com/players/billy-bates/
Stewart Cathie Griffith,https://www.cricketcountry.com/players/billy-griffith/
William Gunn,https://www.cricketcountry.com/players/billy-gunn/
William Evans Midwinter,https://www.cricketcountry.com/players/billy-midwinter/
William Lloyd Murdoch,https://www.cricketcountry.com/players/billy-murdoch/
William Newham,https://www.cricketcountry.com/players/billy-newham/
Robert Appleyard,https://www.cricketcountry.com/players/bob-appleyard/
Robert William Barber,https://www.cricketcountry.com/players/bob-barber/
Robert Berry,https://www.cricketcountry.com/players/bob-berry/
Robert Michael Henry Cottam,https://www.cricketcountry.com/players/bob-cottam/
Robert Elliott Storey Wyatt,https://www.cricketcountry.com/players/bob-wyatt/
Robert Abel,https://www.cricketcountry.com/players/bobby-abel/
Robert Peel,https://www.cricketcountry.com/players/bobby-peel/
John Brian Bolus,https://www.cricketcountry.com/players/brian-bolus/
John Brian Statham,https://www.cricketcountry.com/players/brian-statham/
Bryan Herbert Valentine,https://www.cricketcountry.com/players/bryan-valentine/
Norman Oldfield,https://www.cricketcountry.com/players/buddy-oldfield/
Alfred Perry Lucas,https://www.cricketcountry.com/players/bunny-lucas/
David William White,https://www.cricketcountry.com/players/butch-white/
Charles Burgess Fry,https://www.cricketcountry.com/players/cb-fry/
Cecil Harry Parkin,https://www.cricketcountry.com/players/cecil-parkin/
Charles John Coventry,https://www.cricketcountry.com/players/charles-coventry/
Charles Frederick Henry Leslie,https://www.cricketcountry.com/players/charles-leslie/
Charles Henry Palmer,https://www.cricketcountry.com/players/charles-palmer/
Charles Thomas Studd,https://www.cricketcountry.com/players/charles-studd/
Charles William Wright,https://www.cricketcountry.com/players/charles-wright/
Charles Alfred Absolom,https://www.cricketcountry.com/players/charlie-absolom/
Charles John Barnett,https://www.cricketcountry.com/players/charlie-barnett/
Charles Hallows,https://www.cricketcountry.com/players/charlie-hallows/
Charles Percy McGahey,https://www.cricketcountry.com/players/charlie-mcgahey/
Charles Warrington Leonard Parker,https://www.cricketcountry.com/players/charlie-parker/
Charles Lucas Townsend,https://www.cricketcountry.com/players/charlie-townsend/
John Christopher Balderstone,https://www.cricketcountry.com/players/chris-balderstone/
Christopher Paul Schofield,https://www.cricketcountry.com/players/chris-schofield/
Christopher Heseltine,https://www.cricketcountry.com/players/christopher-heseltine/
Claude Percival Buckenham,https://www.cricketcountry.com/players/claude-buckenham/
