Name,Link
Gregor MacGregor,https://www.cricketcountry.com/players/gregor-macgregor/
Greville Thomas Scott Stevens,https://www.cricketcountry.com/players/greville-stevens/
George Oswald Browning Allen,https://www.cricketcountry.com/players/gubby-allen/
Harold James Butler,https://www.cricketcountry.com/players/harold-butler/
Alfred Herbert Harold Gilligan,https://www.cricketcountry.com/players/harold-gilligan/
Harold Gimblett,https://www.cricketcountry.com/players/harold-gimblett/
Harold Larwood,https://www.cricketcountry.com/players/harold-larwood/
Harold James Rhodes,https://www.cricketcountry.com/players/harold-rhodes/
Henry Rigden Butt,https://www.cricketcountry.com/players/harry-butt/
Harry Dean,https://www.cricketcountry.com/players/harry-dean/
Harry Elliott,https://www.cricketcountry.com/players/harry-elliott/
Henry Howell,https://www.cricketcountry.com/players/harry-howell/
Henry William Lee,https://www.cricketcountry.com/players/harry-lee/
Joseph William Henry Makepeace,https://www.cricketcountry.com/players/harry-makepeace/
Harry Smith,https://www.cricketcountry.com/players/harry-smith/
Henry Wood,https://www.cricketcountry.com/players/harry-wood/
Hedley Verity,https://www.cricketcountry.com/players/hedley-verity/
Henry Rupert James Charlwood,https://www.cricketcountry.com/players/henry-charlwood/
Henry Jupp,https://www.cricketcountry.com/players/henry-jupp/
Herbert Sutcliffe,https://www.cricketcountry.com/players/herbert-sutcliffe/
William Howard Vincent Levett,https://www.cricketcountry.com/players/hopper-levett/
Holcombe Douglas Read,https://www.cricketcountry.com/players/hopper-read/
George Hubert Graham Doggart,https://www.cricketcountry.com/players/hubert-doggart/
Hugh Richard Bromley-Davenport,https://www.cricketcountry.com/players/hugh-bromley-davenport/
Hugh Morris,https://www.cricketcountry.com/players/hugh-morris/
Hylton Philipson,https://www.cricketcountry.com/players/hylton-philipson/
Ian Alexander Greig,https://www.cricketcountry.com/players/ian-greig/
Ian Alexander Ross Peebles,https://www.cricketcountry.com/players/ian-peebles/
Norman Ian Thomson,https://www.cricketcountry.com/players/ian-thomson/
Ian James Ward,https://www.cricketcountry.com/players/ian-ward/
Ivo Francis Walter Bligh,https://www.cricketcountry.com/players/ivo-bligh/
Jack Birkenshaw,https://www.cricketcountry.com/players/jack-birkenshaw/
John Henry Board,https://www.cricketcountry.com/players/jack-board/
John Frederick Crapp,https://www.cricketcountry.com/players/jack-crapp/
John Neville Crawford,https://www.cricketcountry.com/players/jack-crawford/
Frederick John Durston,https://www.cricketcountry.com/players/jack-durston/
John Alfred Flavell,https://www.cricketcountry.com/players/jack-flavell/
John Thomas Hearne,https://www.cricketcountry.com/players/jack-hearne/
John Berry Hobbs,https://www.cricketcountry.com/players/jack-hobbs/
John Iddon,https://www.cricketcountry.com/players/jack-iddon/
John Thomas Ikin,https://www.cricketcountry.com/players/jack-ikin/
John Crawford William MacBryan,https://www.cricketcountry.com/players/jack-macbryan/
John William Martin,https://www.cricketcountry.com/players/jack-martin/
John Richard Mason,https://www.cricketcountry.com/players/jack-mason/
Charles Albert George Russell,https://www.cricketcountry.com/players/jack-russell/
John Samuel Sharp,https://www.cricketcountry.com/players/jack-sharp/
John Cornish White,https://www.cricketcountry.com/players/jack-white/
John Albert Young,https://www.cricketcountry.com/players/jack-young/
James Cranston,https://www.cricketcountry.com/players/james-cranston/
James Langridge,https://www.cricketcountry.com/players/james-langridge/
James Lillywhite,https://www.cricketcountry.com/players/james-lillywhite/
James Ormond,https://www.cricketcountry.com/players/james-ormond/
James Horace Parks,https://www.cricketcountry.com/players/james-parks/
James Southerton,https://www.cricketcountry.com/players/james-southerton/
Jason Edward Riche Gallian,https://www.cricketcountry.com/players/jason-gallian/
Ivor Jeffrey Jones,https://www.cricketcountry.com/players/jeff-jones/
James Charles Laker,https://www.cricketcountry.com/players/jim-laker/
James Edward McConnon,https://www.cricketcountry.com/players/jim-mcconnon/
James Michael Parks,https://www.cricketcountry.com/players/jim-parks/
James Morton Sims,https://www.cricketcountry.com/players/jim-sims/
Cedric Ivan James Smith,https://www.cricketcountry.com/players/jim-smith/
James Graham Binks,https://www.cricketcountry.com/players/jimmy-binks/
John James Ferris,https://www.cricketcountry.com/players/jj-ferris/
John Cabourn Hartley,https://www.cricketcountry.com/players/jock-hartley/
Joseph Hardstaff,https://www.cricketcountry.com/players/joe-hardstaff/
Joseph Hardstaff,https://www.cricketcountry.com/players/joe-hardstaff-sr/
Joseph Humphries,https://www.cricketcountry.com/players/joe-humphries/
Jofra Chioke Archer,https://www.cricketcountry.com/players/jofra-archer/
John Thomas Brown,https://www.cricketcountry.com/players/john-brown/
John Henry Childs,https://www.cricketcountry.com/players/john-childs/
John Gordon Dewes,https://www.cricketcountry.com/players/john-dewes/
Alfred John Evans,https://www.cricketcountry.com/players/john-evans/
John Richmond Gunn,https://www.cricketcountry.com/players/john-gunn/
John Herbert King,https://www.cricketcountry.com/players/john-king/
John Brian Mortimore,https://www.cricketcountry.com/players/john-mortimore/
John Thomas Murray,https://www.cricketcountry.com/players/john-murray/
John Sidney Ernest Price,https://www.cricketcountry.com/players/john-price/
John Selby,https://www.cricketcountry.com/players/john-selby/
John William Sharpe,https://www.cricketcountry.com/players/john-sharpe/
John Shuter,https://www.cricketcountry.com/players/john-shuter/
John Patrick Stephenson,https://www.cricketcountry.com/players/john-stephenson/
John James Warr,https://www.cricketcountry.com/players/john-warr/
John Charles Clay,https://www.cricketcountry.com/players/johnnie-clay/
John Arnold,https://www.cricketcountry.com/players/johnny-arnold/
John Briggs,https://www.cricketcountry.com/players/johnny-briggs/
John William Henry Tyler Douglas,https://www.cricketcountry.com/players/johnny-douglas/
John Thomas Tyldesley,https://www.cricketcountry.com/players/johnny-tyldesley/
John Henry Wardle,https://www.cricketcountry.com/players/johnny-wardle/
Joseph Hunter,https://www.cricketcountry.com/players/joseph-hunter/
Joseph Vine,https://www.cricketcountry.com/players/joseph-vine/
Keith Vincent Andrew,https://www.cricketcountry.com/players/keith-andrew/
Kenneth Frank Barrington,https://www.cricketcountry.com/players/ken-barrington/
Kenneth Cranston,https://www.cricketcountry.com/players/ken-cranston/
Kenneth Farnes,https://www.cricketcountry.com/players/ken-farnes/
Kenneth Higgs,https://www.cricketcountry.com/players/ken-higgs/
Kenneth Ernest Palmer,https://www.cricketcountry.com/players/ken-palmer/
Kenneth Taylor,https://www.cricketcountry.com/players/ken-taylor/
Kenneth Lotherington Hutchings,https://www.cricketcountry.com/players/kenneth-hutchings/
Kumar Shri Duleepsinhji,https://www.cricketcountry.com/players/ks-duleepsinhji/
Kumar Shri Ranjitsinhji,https://www.cricketcountry.com/players/ks-ranjitsinhji/
Laurence Barnard Fishlock,https://www.cricketcountry.com/players/laurie-fishlock/
Arthur James Ledger Hill,https://www.cricketcountry.com/players/ledger-hill/
Leland Hone,https://www.cricketcountry.com/players/leland-hone/
Leonard Charles Braund,https://www.cricketcountry.com/players/len-braund/
Leonard John Coldwell,https://www.cricketcountry.com/players/len-coldwell/
John Leonard Hopwood,https://www.cricketcountry.com/players/len-hopwood/
Leonard Hutton,https://www.cricketcountry.com/players/len-hutton/
Thomas Leonard Richmond,https://www.cricketcountry.com/players/len-richmond/
Leonard Litton Wilkinson,https://www.cricketcountry.com/players/len-wilkinson/
Leonard James Moon,https://www.cricketcountry.com/players/leonard-moon/
Leslie Ethelbert George Ames,https://www.cricketcountry.com/players/les-ames/
Herbert Leslie Jackson,https://www.cricketcountry.com/players/les-jackson/
Leslie Fletcher Townsend,https://www.cricketcountry.com/players/les-townsend/
Leslie Hewitt Gay,https://www.cricketcountry.com/players/leslie-gay/
Lionel Charles Hamilton Palairet,https://www.cricketcountry.com/players/lionel-palairet/
George Robert Canning Harris,https://www.cricketcountry.com/players/lord-harris/
Martin Bladen Hawke,https://www.cricketcountry.com/players/lord-hawke/
Lionel Hallam Tennyson,https://www.cricketcountry.com/players/lord-tennyson/
Major William Booth,https://www.cricketcountry.com/players/major-booth/
Malcolm Jameson Hilton,https://www.cricketcountry.com/players/malcolm-hilton/
Mark Alan Butcher,https://www.cricketcountry.com/players/mark-butcher/
Mark Christopher Ilott,https://www.cricketcountry.com/players/mark-ilott/
Mark Nicholas Lathwell,https://www.cricketcountry.com/players/mark-lathwell/
Martin John Horton,https://www.cricketcountry.com/players/martin-horton/
Martin John McCague,https://www.cricketcountry.com/players/martin-mccague/
Martin John Saggers,https://www.cricketcountry.com/players/martin-saggers/
Maurice James Carrick Allom,https://www.cricketcountry.com/players/maurice-allom/
Morris Leyland,https://www.cricketcountry.com/players/maurice-leyland/
John Maurice Read,https://www.cricketcountry.com/players/maurice-read/
Maurice William Tate,https://www.cricketcountry.com/players/maurice-tate/
Maurice Fletcher Tremlett,https://www.cricketcountry.com/players/maurice-tremlett/
Maurice Joseph Lawson Turnbull,https://www.cricketcountry.com/players/maurice-turnbull/
