Name,Link
Arthur Harwood Jarvis,https://www.cricketcountry.com/players/affie-jarvis/
Alan Keith Davidson,https://www.cricketcountry.com/players/alan-davidson/
Alan George Fairfax,https://www.cricketcountry.com/players/alan-fairfax/
Alan Falconer Kippax,https://www.cricketcountry.com/players/alan-kippax/
Albert Ernst Victor Hartkopf,https://www.cricketcountry.com/players/albert-hartkopf/
Alexander Chalmers Bannerman,https://www.cricketcountry.com/players/alec-bannerman/
Alexander Hurwood,https://www.cricketcountry.com/players/alec-hurwood/
Alexander James Doolan,https://www.cricketcountry.com/players/alex-doolan/
Donald Raeburn Algernon Gehrs,https://www.cricketcountry.com/players/algy-gehrs/
Andrew Barry McDonald,https://www.cricketcountry.com/players/andrew-mcdonald/
Archibald Jackson,https://www.cricketcountry.com/players/archie-jackson/
Arthur Gordon Chipperfield,https://www.cricketcountry.com/players/arthur-chipperfield/
Arthur Coningham,https://www.cricketcountry.com/players/arthur-coningham/
Arthur Alfred Mailey,https://www.cricketcountry.com/players/arthur-mailey/
Arthur Robert Morris,https://www.cricketcountry.com/players/arthur-morris/
Arthur John Richardson,https://www.cricketcountry.com/players/arthur-richardson/
William Carkeek,https://www.cricketcountry.com/players/barlow-carkeek/
Barrington Noel Jarman,https://www.cricketcountry.com/players/barry-jarman/
Barry Kenneth Shepherd,https://www.cricketcountry.com/players/barry-shepherd/
Beau Casson,https://www.cricketcountry.com/players/beau-casson/
Benjamin Arthur Barnett,https://www.cricketcountry.com/players/ben-barnett/
Ben James Rohrer,https://www.cricketcountry.com/players/ben-rohrer/
Albert John Young Hopkins,https://www.cricketcountry.com/players/bert-hopkins/
Herbert Ironmonger,https://www.cricketcountry.com/players/bert-ironmonger/
William Albert Stanley Oldfield,https://www.cricketcountry.com/players/bert-oldfield/
William Alfred Brown,https://www.cricketcountry.com/players/bill-brown/
William Peter Howell,https://www.cricketcountry.com/players/bill-howell/
William Alfred Hunt,https://www.cricketcountry.com/players/bill-hunt/
William Arras Johnston,https://www.cricketcountry.com/players/bill-johnston/
William Joseph O'Reilly,https://www.cricketcountry.com/players/bill-o-reilly/
William Harold Ponsford,https://www.cricketcountry.com/players/bill-ponsford/
William James Watson,https://www.cricketcountry.com/players/bill-watson/
William James Whitty,https://www.cricketcountry.com/players/bill-whitty/
William Maldon Woodfull,https://www.cricketcountry.com/players/bill-woodfull/
Robert Maskew Cowper,https://www.cricketcountry.com/players/bob-cowper/
Robert William McLeod,https://www.cricketcountry.com/players/bob-mcleod/
Bransby Beauchamp Cooper,https://www.cricketcountry.com/players/bransby-cooper/
Brian Charles Booth,https://www.cricketcountry.com/players/brian-booth/
Hedley Brian Taber,https://www.cricketcountry.com/players/brian-taber/
Bruce Dooland,https://www.cricketcountry.com/players/bruce-dooland/
Bruce Colin Francis,https://www.cricketcountry.com/players/bruce-francis/
Bryce Edward McGain,https://www.cricketcountry.com/players/bryce-mcgain/
Charles Bannerman,https://www.cricketcountry.com/players/charles-bannerman/
Charles Kelleway,https://www.cricketcountry.com/players/charles-kelleway/
Charles George Macartney,https://www.cricketcountry.com/players/charles-macartney/
Charles John Eady,https://www.cricketcountry.com/players/charlie-eady/
Charles Edward McLeod,https://www.cricketcountry.com/players/charlie-mcleod/
Charles Thomas Biass Turner,https://www.cricketcountry.com/players/charlie-turner/
Christopher Darrell Matthews,https://www.cricketcountry.com/players/chris-matthews/
Christopher John Llewellyn Rogers,https://www.cricketcountry.com/players/chris-rogers/
Leslie O'Brien Fleetwood-Smith,https://www.cricketcountry.com/players/chuck-fleetwood-smith/
Clarence Victor Grimmett,https://www.cricketcountry.com/players/clarrie-grimmett/
Claude Burrows Jennings,https://www.cricketcountry.com/players/claude-jennings/
Clement Hill,https://www.cricketcountry.com/players/clem-hill/
Colin Ernest John Guest,https://www.cricketcountry.com/players/colin-guest/
Colin Leslie McCool,https://www.cricketcountry.com/players/colin-mccool/
Colin Campbell McDonald,https://www.cricketcountry.com/players/colin-mcdonald/
Colin Reid Miller,https://www.cricketcountry.com/players/colin-miller/
David William Gregory,https://www.cricketcountry.com/players/dave-gregory/
David Bertram Miller Smith,https://www.cricketcountry.com/players/dave-smith/
Alan David Ogilvie,https://www.cricketcountry.com/players/david-ogilvie/
David Alexander Renneberg,https://www.cricketcountry.com/players/david-renneberg/
David John Sincock,https://www.cricketcountry.com/players/david-sincock/
Desmond Edward Hoare,https://www.cricketcountry.com/players/des-hoare/
Donald Dearness Blackie,https://www.cricketcountry.com/players/don-blackie/
Donald George Bradman,https://www.cricketcountry.com/players/don-bradman/
Donald Tallon,https://www.cricketcountry.com/players/don-tallon/
Douglas Thomas Ring,https://www.cricketcountry.com/players/doug-ring/
Edward James McKenzie Cowan,https://www.cricketcountry.com/players/ed-cowan/
Edgar Richard Mayne,https://www.cricketcountry.com/players/edgar-mayne/
Edwin Evans,https://www.cricketcountry.com/players/edwin-evans/
Eric Walter Freeman,https://www.cricketcountry.com/players/eric-freeman/
Ernest Harvey Bromley,https://www.cricketcountry.com/players/ernest-bromley/
Ernest Jones,https://www.cricketcountry.com/players/ernie-jones/
Ernest Leslie McCormick,https://www.cricketcountry.com/players/ernie-mccormick/
Ernest Raymond Herbert Toshack,https://www.cricketcountry.com/players/ernie-toshack/
George Eugene Palmer,https://www.cricketcountry.com/players/eugene-palmer/
Francis Erskine Allan,https://www.cricketcountry.com/players/frank-allan/
Frank Adams Iredale,https://www.cricketcountry.com/players/frank-iredale/
Frank Jonas Laver,https://www.cricketcountry.com/players/frank-laver/
Francis Michael Misson,https://www.cricketcountry.com/players/frank-misson/
Francis Henry Walters,https://www.cricketcountry.com/players/frank-walters/
Francis Anthony Ward,https://www.cricketcountry.com/players/frank-ward/
Frederick Alfred William Freer,https://www.cricketcountry.com/players/fred-freer/
Frederick Robert Spofforth,https://www.cricketcountry.com/players/fred-spofforth/
Frederick John Burton,https://www.cricketcountry.com/players/frederick-burton/
Gavin Byron Stevens,https://www.cricketcountry.com/players/gavin-stevens/
Geffery Noblet,https://www.cricketcountry.com/players/geff-noblet/
George Alexander,https://www.cricketcountry.com/players/george-alexander/
George John Bonnor,https://www.cricketcountry.com/players/george-bonnor/
George Coulthard,https://www.cricketcountry.com/players/george-coulthard/
George Giffen,https://www.cricketcountry.com/players/george-giffen/
Patrick George McShane,https://www.cricketcountry.com/players/george-mcshane/
George Ronald Thoms,https://www.cricketcountry.com/players/george-thoms/
George Edward Tribe,https://www.cricketcountry.com/players/george-tribe/
Gervys Rignold Hazlitt,https://www.cricketcountry.com/players/gerry-hazlitt/
Gilbert Roche Andrews Langley,https://www.cricketcountry.com/players/gil-langley/
Gordon Frederick Rorke,https://www.cricketcountry.com/players/gordon-rorke/
Graeme Blake Hole,https://www.cricketcountry.com/players/graeme-hole/
Grahame Edward Corling,https://www.cricketcountry.com/players/grahame-corling/
Grahame Thomas,https://www.cricketcountry.com/players/grahame-thomas/
Hampden Stanley Bray Love,https://www.cricketcountry.com/players/hammy-love/
Hans Irvine Ebeling,https://www.cricketcountry.com/players/hans-ebeling/
Harry Houston Alexander,https://www.cricketcountry.com/players/harry-alexander/
Henry Frederick Boyle,https://www.cricketcountry.com/players/harry-boyle/
Henry Donnan,https://www.cricketcountry.com/players/harry-donnan/
Henry Graham,https://www.cricketcountry.com/players/harry-graham/
Henry Moses,https://www.cricketcountry.com/players/harry-moses/
Henry Alfred Musgrove,https://www.cricketcountry.com/players/harry-musgrove/
George Henry Stevens Trott,https://www.cricketcountry.com/players/harry-trott/
Henry James Herbert Scott,https://www.cricketcountry.com/players/henry-scott/
Herbert Leslie Collins,https://www.cricketcountry.com/players/herbie-collins/
Hugh Hamon Massie,https://www.cricketcountry.com/players/hugh-massie/
Hugh Trumble,https://www.cricketcountry.com/players/hugh-trumble/
Ian David Craig,https://www.cricketcountry.com/players/ian-craig/
Ian William Geddes Johnson,https://www.cricketcountry.com/players/ian-johnson/
Ian Meckiff,https://www.cricketcountry.com/players/ian-meckiff/
Clayvel Lindsay Badcock,https://www.cricketcountry.com/players/jack-badcock/
John Edward Barrett,https://www.cricketcountry.com/players/jack-barrett/
Jackson Munro Bird,https://www.cricketcountry.com/players/jack-bird/
John McCarthy Blackham,https://www.cricketcountry.com/players/jack-blackham/
John Dunlop Edwards,https://www.cricketcountry.com/players/jack-edwards/
John Henry Webb Fingleton,https://www.cricketcountry.com/players/jack-fingleton/
Jack Morrison Gregory,https://www.cricketcountry.com/players/jack-gregory/
John Charles Hill,https://www.cricketcountry.com/players/jack-hill/
John Brian Iverson,https://www.cricketcountry.com/players/jack-iverson/
John Moroney,https://www.cricketcountry.com/players/jack-moroney/
Homesdale Carl Nitschke,https://www.cricketcountry.com/players/jack-nitschke/
John Denis Alphonsus O'Connor,https://www.cricketcountry.com/players/jack-o-connor/
John Walter Rutherford,https://www.cricketcountry.com/players/jack-rutherford/
John Ryder,https://www.cricketcountry.com/players/jack-ryder/
John Victor Saunders,https://www.cricketcountry.com/players/jack-saunders/
John William Wilson,https://www.cricketcountry.com/players/jack-wilson/
John Worrall,https://www.cricketcountry.com/players/jack-worrall/
James Joseph Kelly,https://www.cricketcountry.com/players/james-kelly/
James Matthew Muirhead,https://www.cricketcountry.com/players/james-muirhead/
James Wallace Burke,https://www.cricketcountry.com/players/jim-burke/
James Harry de Courcy,https://www.cricketcountry.com/players/jim-de-courcy/
James Donald Higgs,https://www.cricketcountry.com/players/jim-higgs/
James Slight,https://www.cricketcountry.com/players/jim-slight/
Thomas James Matthews,https://www.cricketcountry.com/players/jimmy-matthews/
Joseph Darling,https://www.cricketcountry.com/players/joe-darling/
Joseph Patrick Francis Travers,https://www.cricketcountry.com/players/joe-travers/
John Benaud,https://www.cricketcountry.com/players/john-benaud/
John Thomas Cottam,https://www.cricketcountry.com/players/john-cottam/
John William Gleeson,https://www.cricketcountry.com/players/john-gleeson/
John Harry,https://www.cricketcountry.com/players/john-harry/
John Robart Hodges,https://www.cricketcountry.com/players/john-hodges/
Robert John Inverarity,https://www.cricketcountry.com/players/john-inverarity/
John James Lyons,https://www.cricketcountry.com/players/john-lyons/
John McIlwraith,https://www.cricketcountry.com/players/john-mcilwraith/
John William McLaren,https://www.cricketcountry.com/players/john-mclaren/
John Cole Reedman,https://www.cricketcountry.com/players/john-reedman/
John William Trumble,https://www.cricketcountry.com/players/john-trumble/
John Wesley Martin,https://www.cricketcountry.com/players/johnny-martin/
John Morris Taylor,https://www.cricketcountry.com/players/johnny-taylor/
Keith Ross Miller,https://www.cricketcountry.com/players/keith-miller/
Keith Edward Rigg,https://www.cricketcountry.com/players/keith-rigg/
Keith Nichol Slater,https://www.cricketcountry.com/players/keith-slater/
Kenneth Alan Archer,https://www.cricketcountry.com/players/ken-archer/
Kenneth Humphrey Eastwood,https://www.cricketcountry.com/players/ken-eastwood/
Kenneth Donald Mackay,https://www.cricketcountry.com/players/ken-mackay/
Kenneth Douglas Meuleman,https://www.cricketcountry.com/players/ken-meuleman/
Edwin James Kenneth Burn,https://www.cricketcountry.com/players/kenny-burn/
Lawrence Charles Mayne,https://www.cricketcountry.com/players/laurie-mayne/
Laurence John Nash,https://www.cricketcountry.com/players/laurie-nash/
Leonard Stuart Darling,https://www.cricketcountry.com/players/len-darling/
Leonard Joseph Johnson,https://www.cricketcountry.com/players/len-johnson/
Leonard Victor Maddocks,https://www.cricketcountry.com/players/len-maddocks/
Leo Patrick Joseph O'Brien,https://www.cricketcountry.com/players/leo-o-brien/
Leslie Ernest Favell,https://www.cricketcountry.com/players/les-favell/
Leslie Ronald Joslin,https://www.cricketcountry.com/players/les-joslin/
Arthur Lindsay Hassett,https://www.cricketcountry.com/players/lindsay-hassett/
Lindsay Francis Kline,https://www.cricketcountry.com/players/lindsay-kline/
Lisle Ernest Nagel,https://www.cricketcountry.com/players/lisle-nagel/
Luke Anthony Pomersbach,https://www.cricketcountry.com/players/luke-pomersbach/
Martin Lloyd Love,https://www.cricketcountry.com/players/martin-love/
Matthew James Nicholson,https://www.cricketcountry.com/players/matt-nicholson/
Mervyn Roye Harvey,https://www.cricketcountry.com/players/merv-harvey/
Mervyn George Waite,https://www.cricketcountry.com/players/mervyn-waite/
Michael Anthony Beer,https://www.cricketcountry.com/players/michael-beer/
Montague Alfred Noble,https://www.cricketcountry.com/players/monty-noble/
Morris William Sievers,https://www.cricketcountry.com/players/morris-sievers/
Nathaniel Frampton Davis Thomson,https://www.cricketcountry.com/players/nat-thomson/
Edward James Gregory,https://www.cricketcountry.com/players/ned-gregory/
Robert Neil Harvey,https://www.cricketcountry.com/players/neil-harvey/
Neil James Napier Hawke,https://www.cricketcountry.com/players/neil-hawke/
Nicolas James Maddinson,https://www.cricketcountry.com/players/nic-maddinson/
Clarence Everard Pellew,https://www.cricketcountry.com/players/nip-pellew/
Norman Clifford Louis O'Neill,https://www.cricketcountry.com/players/norm-o-neill/
Otto Ernest Nothling,https://www.cricketcountry.com/players/otto-nothling/
William Patrick Anthony Crawford,https://www.cricketcountry.com/players/pat-crawford/
Paul Anthony Hibbert,https://www.cricketcountry.com/players/paul-hibbert/
Percie Chater Charlton,https://www.cricketcountry.com/players/percie-charlton/
Percival Mitchell Hornibrook,https://www.cricketcountry.com/players/percy-hornibrook/
Alfred Percy Marr,https://www.cricketcountry.com/players/percy-marr/
Peter Alexander McAlister,https://www.cricketcountry.com/players/percy-mcalister/
Percy Stanislaus McDonnell,https://www.cricketcountry.com/players/percy-mcdonnell/
Peter John Allan,https://www.cricketcountry.com/players/peter-allan/
Peter John Parnell Burge,https://www.cricketcountry.com/players/peter-burge/
Peter Robert George,https://www.cricketcountry.com/players/peter-george/
Peter Edward McIntyre,https://www.cricketcountry.com/players/peter-mcintyre/
Peter Ian Philpott,https://www.cricketcountry.com/players/peter-philpott/
Peter Raymond Sleep,https://www.cricketcountry.com/players/peter-sleep/
Philip Keith Lee,https://www.cricketcountry.com/players/phil-lee/
Hugh Motley Thurlow,https://www.cricketcountry.com/players/pud-thurlow/
Herbert Vivian Hordern,https://www.cricketcountry.com/players/ranji-hordern/
Raymond Russell Lindwall,https://www.cricketcountry.com/players/ray-lindwall/
Rayford Harold Robinson,https://www.cricketcountry.com/players/ray-robinson/
Reginald Alexander Duff,https://www.cricketcountry.com/players/reggie-duff/
Reginald Charles Allen,https://www.cricketcountry.com/players/reginald-allen/
Reginald Hugh Durning Sellers,https://www.cricketcountry.com/players/rex-sellers/
Richard Benaud,https://www.cricketcountry.com/players/richie-benaud/
Robert John Quiney,https://www.cricketcountry.com/players/robert-quiney/
Michael Joseph Hartigan,https://www.cricketcountry.com/players/roger-hartigan/
Roland James Pope,https://www.cricketcountry.com/players/roland-pope/
Ronald Graham Archer,https://www.cricketcountry.com/players/ron-archer/
Ronald Arthur Gaunt,https://www.cricketcountry.com/players/ron-gaunt/
Ronald Arthur Hamence,https://www.cricketcountry.com/players/ron-hamence/
Ronald Keven Oxenham,https://www.cricketcountry.com/players/ron-oxenham/
Ronald Arthur Saggers,https://www.cricketcountry.com/players/ron-saggers/
John Ross Frederick Duncan,https://www.cricketcountry.com/players/ross-duncan/
Ross Gerald Gregory,https://www.cricketcountry.com/players/ross-gregory/
Roy Baldwin Minnett,https://www.cricketcountry.com/players/roy-minnett/
Roy Lindsay Park,https://www.cricketcountry.com/players/roy-park/
John Bryant Gannon,https://www.cricketcountry.com/players/sam-gannon/
Samuel John Everett Loxton,https://www.cricketcountry.com/players/sam-loxton/
Samuel Morris,https://www.cricketcountry.com/players/sam-morris/
Hanson Carter,https://www.cricketcountry.com/players/sammy-carter/
Samuel Percy Jones,https://www.cricketcountry.com/players/sammy-jones/
Scott Andrew Muller,https://www.cricketcountry.com/players/scott-muller/
Shaun Young,https://www.cricketcountry.com/players/shaun-young/
Sidney George Barnes,https://www.cricketcountry.com/players/sid-barnes/
Sidney Hand Emery,https://www.cricketcountry.com/players/sid-emery/
Simon Hewitt Cook,https://www.cricketcountry.com/players/simon-cook/
Stanley Joseph McCabe,https://www.cricketcountry.com/players/stan-mccabe/
Stephen Norman John O'Keefe,https://www.cricketcountry.com/players/steve-o-keefe/
Hunter Scott Thomas Laurie Hendry,https://www.cricketcountry.com/players/stork-hendry/
Sydney Edward Gregory,https://www.cricketcountry.com/players/syd-gregory/
Sydney Thomas Callaway,https://www.cricketcountry.com/players/sydney-callaway/
Edward Lambert a'Beckett,https://www.cricketcountry.com/players/ted-a-beckett/
Edgar Arthur McDonald,https://www.cricketcountry.com/players/ted-mcdonald/
Thomas Joseph Dart Kelly,https://www.cricketcountry.com/players/thomas-kelly/
Albert Cotter,https://www.cricketcountry.com/players/tibby-cotter/
Thomas Welbourn Wall,https://www.cricketcountry.com/players/tim-wall/
Thomas William Garrett,https://www.cricketcountry.com/players/tom-garrett/
Thomas Underwood Groube,https://www.cricketcountry.com/players/tom-groube/
Thomas Patrick Horan,https://www.cricketcountry.com/players/tom-horan/
Thomas Kingston Kendall,https://www.cricketcountry.com/players/tom-kendall/
Thomas Robert McKibbin,https://www.cricketcountry.com/players/tom-mckibbin/
Thomas Robert Veivers,https://www.cricketcountry.com/players/tom-veivers/
Thomas James Edwin Andrews,https://www.cricketcountry.com/players/tommy-andrews/
Anthony Ross Dell,https://www.cricketcountry.com/players/tony-dell/
Anthony Longford Mann,https://www.cricketcountry.com/players/tony-mann/
Travis Rodney Birt,https://www.cricketcountry.com/players/travis-birt/
Trent Aaron Copeland,https://www.cricketcountry.com/players/trent-copeland/
Trevor Victor Hohns,https://www.cricketcountry.com/players/trevor-hohns/
Vernon Seymour Ransford,https://www.cricketcountry.com/players/vernon-ransford/
Victor York Richardson,https://www.cricketcountry.com/players/vic-richardson/
Victor Thomas Trumper,https://www.cricketcountry.com/players/victor-trumper/
Arthur Theodore Wallace Grout,https://www.cricketcountry.com/players/wally-grout/
Walter Frank Giffen,https://www.cricketcountry.com/players/walter-giffen/
Warren Bardsley,https://www.cricketcountry.com/players/warren-bardsley/
Warwick Windridge Armstrong,https://www.cricketcountry.com/players/warwick-armstrong/
William Bruce,https://www.cricketcountry.com/players/william-bruce/
William Henry Cooper,https://www.cricketcountry.com/players/william-cooper/
William Henry Moule,https://www.cricketcountry.com/players/william-moule/
William Roderick Robertson,https://www.cricketcountry.com/players/william-robertson/
