Name,Link
Albert William Roberts,https://www.cricketcountry.com/players/alby-roberts/
Alexander McKenzie Moir,https://www.cricketcountry.com/players/alex-moir/
Allen Fisher Lissette,https://www.cricketcountry.com/players/allen-lissette/
Arthur Edward Dick,https://www.cricketcountry.com/players/artie-dick/
Barry Douglas Milburn,https://www.cricketcountry.com/players/barry-milburn/
Barry Whitley Sinclair,https://www.cricketcountry.com/players/barry-sinclair/
Bert Sutcliffe,https://www.cricketcountry.com/players/bert-sutcliffe/
William Bell,https://www.cricketcountry.com/players/bill-bell/
William Edward Merritt,https://www.cricketcountry.com/players/bill-merritt/
William Rodger Playle,https://www.cricketcountry.com/players/bill-playle/
Blair Andrew Pocock,https://www.cricketcountry.com/players/blair-pocock/
Robert William Blair,https://www.cricketcountry.com/players/bob-blair/
Robert Smith Cunis,https://www.cricketcountry.com/players/bob-cunis/
Brent John Arnel,https://www.cricketcountry.com/players/brent-arnel/
Bruce Alfred Bolton,https://www.cricketcountry.com/players/bruce-bolton/
Bruce Philip Martin,https://www.cricketcountry.com/players/bruce-martin/
Bruce Donald Morrison,https://www.cricketcountry.com/players/bruce-morrison/
Bruce Alexander Grenfell Murray,https://www.cricketcountry.com/players/bruce-murray/
Frank Brunton Smith,https://www.cricketcountry.com/players/brun-smith/
Bryan Andrews,https://www.cricketcountry.com/players/bryan-andrews/
Bryan William Yuile,https://www.cricketcountry.com/players/bryan-yuile/
Cecil Burke,https://www.cricketcountry.com/players/ces-burke/
Colin Alexander Snedden,https://www.cricketcountry.com/players/colin-snedden/
Milford Laurenson Page,https://www.cricketcountry.com/players/curly-page/
Cyril Francis Walter Allcott,https://www.cricketcountry.com/players/cyril-allcott/
David Graham Sewell,https://www.cricketcountry.com/players/david-sewell/
Horace Dennis Smith,https://www.cricketcountry.com/players/dennis-smith/
Richard Charles Motz,https://www.cricketcountry.com/players/dick-motz/
Donald Derek Beard,https://www.cricketcountry.com/players/don-beard/
Donald Charles Cleverley,https://www.cricketcountry.com/players/don-cleverley/
Donald Alexander Noel McRae,https://www.cricketcountry.com/players/don-mcrae/
Donald Dougald Taylor,https://www.cricketcountry.com/players/don-taylor/
Douglas Linford Freeman,https://www.cricketcountry.com/players/doug-freeman/
Edwin George McLeod,https://www.cricketcountry.com/players/eddie-mcleod/
Eric William Dempster,https://www.cricketcountry.com/players/eric-dempster/
Frederick Eric Fisher,https://www.cricketcountry.com/players/eric-fisher/
Eric Charlton Petrie,https://www.cricketcountry.com/players/eric-petrie/
Eric William Thomas Tindill,https://www.cricketcountry.com/players/eric-tindill/
George Fenwick Cresswell,https://www.cricketcountry.com/players/fen-cresswell/
Francis James Cameron,https://www.cricketcountry.com/players/frank-cameron/
Francis Leonard Hugh Mooney,https://www.cricketcountry.com/players/frank-mooney/
Gary Alex Bartlett,https://www.cricketcountry.com/players/gary-bartlett/
Gary Raymond Stead,https://www.cricketcountry.com/players/gary-stead/
Geoffrey Osborne Rabone,https://www.cricketcountry.com/players/geoff-rabone/
George Ritchie Dickinson,https://www.cricketcountry.com/players/george-dickinson/
Henry Gifford Vivian,https://www.cricketcountry.com/players/giff-vivian/
John Gordon Leggat,https://www.cricketcountry.com/players/gordon-leggat/
Charles Gordon Rowe,https://www.cricketcountry.com/players/gordon-rowe/
Graham Thorne Dowling,https://www.cricketcountry.com/players/graham-dowling/
Sidney Graham Gedye,https://www.cricketcountry.com/players/graham-gedye/
Grahame Paul Bilby,https://www.cricketcountry.com/players/grahame-bilby/
Greg Riaka Loveridge,https://www.cricketcountry.com/players/greg-loveridge/
Guy William Fitzroy Overton,https://www.cricketcountry.com/players/guy-overton/
Henry Butler Cave,https://www.cricketcountry.com/players/harry-cave/
Henry Foley,https://www.cricketcountry.com/players/henry-foley/
Herbert Mendelson McGirr,https://www.cricketcountry.com/players/herb-mcgirr/
Ian Alexander Colquhoun,https://www.cricketcountry.com/players/ian-colquhoun/
Ian Burns Cromb,https://www.cricketcountry.com/players/ian-cromb/
Ian Bruce Leggat,https://www.cricketcountry.com/players/ian-leggat/
Ian McKay Sinclair,https://www.cricketcountry.com/players/ian-sinclair/
John Chaloner Alabaster,https://www.cricketcountry.com/players/jack-alabaster/
John Cowie,https://www.cricketcountry.com/players/jack-cowie/
John William D'Arcy,https://www.cricketcountry.com/players/jack-d-arcy/
John Angus Dunning,https://www.cricketcountry.com/players/jack-dunning/
John Lambert Kerr,https://www.cricketcountry.com/players/jack-kerr/
John Ernest Mills,https://www.cricketcountry.com/players/jack-mills/
Jack Newman,https://www.cricketcountry.com/players/jack-newman/
John Edward Francis Beck,https://www.cricketcountry.com/players/john-beck/
John William Guy,https://www.cricketcountry.com/players/john-guy/
John Richard Reid,https://www.cricketcountry.com/players/john-richard-reid/
John Trevor Sparling,https://www.cricketcountry.com/players/john-sparling/
John Thomas Ward,https://www.cricketcountry.com/players/john-ward/
John Arthur Hayes,https://www.cricketcountry.com/players/johnny-hayes/
Keith Thomson,https://www.cricketcountry.com/players/keith-thomson/
Kenneth William Hough,https://www.cricketcountry.com/players/ken-hough/
Kenneth Cecil James,https://www.cricketcountry.com/players/ken-james/
Cornelius Francoius Kruger van Wyk,https://www.cricketcountry.com/players/kruger-van-wyk/
Lawrence Somerville Martin Miller,https://www.cricketcountry.com/players/lawrie-miller/
Leonard Arthur Butterfield,https://www.cricketcountry.com/players/len-butterfield/
Leslie Watt,https://www.cricketcountry.com/players/les-watt/
Gordon Lindsay Weir,https://www.cricketcountry.com/players/lindsay-weir/
William McDougall Anderson,https://www.cricketcountry.com/players/mac-anderson/
Alexander Malcolm Matheson,https://www.cricketcountry.com/players/mal-matheson/
Mark Donald Craig,https://www.cricketcountry.com/players/mark-craig/
Martin Paterson Donnelly,https://www.cricketcountry.com/players/martin-donnelly/
Matthew Henderson,https://www.cricketcountry.com/players/matt-henderson/
Matt Beresford Poore,https://www.cricketcountry.com/players/matt-poore/
Walter Mervyn Wallace,https://www.cricketcountry.com/players/merv-wallace/
Michael John Froud Shrimpton,https://www.cricketcountry.com/players/mike-shrimpton/
Murray Ernest Chapple,https://www.cricketcountry.com/players/murray-chapple/
Murray George Webb,https://www.cricketcountry.com/players/murray-webb/
Neil Wagner,https://www.cricketcountry.com/players/neil-wagner/
Noel Sherwin Harford,https://www.cricketcountry.com/players/noel-harford/
Spencer Noel McGregor,https://www.cricketcountry.com/players/noel-mcgregor/
Norman Gallichan,https://www.cricketcountry.com/players/norman-gallichan/
Paul Thomas Barton,https://www.cricketcountry.com/players/paul-barton/
Paul Erskine Whitelaw,https://www.cricketcountry.com/players/paul-whitelaw/
Peter James Petherick,https://www.cricketcountry.com/players/peter-petherick/
Peter Bennetts Truscott,https://www.cricketcountry.com/players/peter-truscott/
Raymond William George Emery,https://www.cricketcountry.com/players/ray-emery/
Reece Alan Young,https://www.cricketcountry.com/players/reece-young/
Roger Charles Blunt,https://www.cricketcountry.com/players/roger-blunt/
Roger Meredith Harris,https://www.cricketcountry.com/players/roger-harris/
Roneel Magan Hira,https://www.cricketcountry.com/players/ronnie-hira/
Ross Winston Morgan,https://www.cricketcountry.com/players/ross-morgan/
Roy Ivan Harford,https://www.cricketcountry.com/players/roy-harford/
Roy Hamilton Scott,https://www.cricketcountry.com/players/roy-scott/
Denis Andrew Robert Moloney,https://www.cricketcountry.com/players/sonny-moloney/
Charles Stewart Dempster,https://www.cricketcountry.com/players/stewie-dempster/
Frederick Theodore Badcock,https://www.cricketcountry.com/players/ted-badcock/
Edgar Milton Meuli,https://www.cricketcountry.com/players/ted-meuli/
Terrence Wayne Jarvis,https://www.cricketcountry.com/players/terry-jarvis/
Timothy Gavin McIntosh,https://www.cricketcountry.com/players/tim-mcintosh/
Thomas Browning Burtt,https://www.cricketcountry.com/players/tom-burtt/
Thomas Coleman Lowry,https://www.cricketcountry.com/players/tom-lowry/
Narotam Puna,https://www.cricketcountry.com/players/tom-puna/
Anthony Roy MacGibbon,https://www.cricketcountry.com/players/tony-macgibbon/
Richard Trevor Barber,https://www.cricketcountry.com/players/trevor-barber/
Trevor George McMahon,https://www.cricketcountry.com/players/trevor-mcmahon/
Trevor Meale,https://www.cricketcountry.com/players/trevor-meale/
Verdun John Scott,https://www.cricketcountry.com/players/verdun-scott/
Walter Arnold Hadlee,https://www.cricketcountry.com/players/walter-hadlee/
Wynne Pennell Bradburn,https://www.cricketcountry.com/players/wynne-bradburn/
Parke Gerald Zinzan Harris,https://www.cricketcountry.com/players/zin-harris/
