Name,Link
Alan Melville,https://www.cricketcountry.com/players/alan-melville/
Albert William Powell,https://www.cricketcountry.com/players/albert-powell/
Albert Rose-Innes,https://www.cricketcountry.com/players/albert-rose-innes/
Alfred Ewart Hall,https://www.cricketcountry.com/players/alf-hall/
Alfonso Clive Thomas,https://www.cricketcountry.com/players/alfonso-thomas/
Alfred Henry Cecil Cooper,https://www.cricketcountry.com/players/alfred-cooper/
Alfred Renfrew Richards,https://www.cricketcountry.com/players/alfred-richards/
Aron Bacher,https://www.cricketcountry.com/players/ali-bacher/
Aniket Choudhary,https://www.cricketcountry.com/players/aniket-choudhary/
Anton Ronald Andrew Murray,https://www.cricketcountry.com/players/anton-murray/
Archibald William Palm,https://www.cricketcountry.com/players/archibald-palm/
Arthur Chudleigh Beaumont Langton,https://www.cricketcountry.com/players/arthur-langton/
Arthur Edward Ochse,https://www.cricketcountry.com/players/arthur-ochse/
Arthur William Seccull,https://www.cricketcountry.com/players/arthur-seccull/
Athol Matthew Burchell Rowan,https://www.cricketcountry.com/players/athol-rowan/
Atholl Henry McKinnon,https://www.cricketcountry.com/players/atholl-mckinnon/
George Aubrey Faulkner,https://www.cricketcountry.com/players/aubrey-faulkner/
Barry Anderson Richards,https://www.cricketcountry.com/players/barry-richards/
Augustus Bernard Tancred,https://www.cricketcountry.com/players/bernard-tancred/
Beuran Eric Hendricks,https://www.cricketcountry.com/players/beuran-hendricks/
James Henry Anderson,https://www.cricketcountry.com/players/biddy-anderson/
Eric Balfour Lundie,https://www.cricketcountry.com/players/bill-lundie/
William Hughes Bowker Frank,https://www.cricketcountry.com/players/billy-frank/
Walter Wareham Wade,https://www.cricketcountry.com/players/billy-wade/
Johan Wilhelm Zulch,https://www.cricketcountry.com/players/billy-zulch/
Robert Hector Catterall,https://www.cricketcountry.com/players/bob-catterall/
Robert James Crisp,https://www.cricketcountry.com/players/bob-crisp/
Edward Serrurier Newson,https://www.cricketcountry.com/players/bob-newson/
James Middleton,https://www.cricketcountry.com/players/bonnor-middleton/
Bruce Mitchell,https://www.cricketcountry.com/players/bruce-mitchell/
William Stephen Farrer,https://www.cricketcountry.com/players/buster-farrer/
Eiulf Peter Nupen,https://www.cricketcountry.com/players/buster-nupen/
Cecil Donovan Dixon,https://www.cricketcountry.com/players/cec-dixon/
Charles Gustav Fichardt,https://www.cricketcountry.com/players/charles-fichardt/
Charles Frederick William Hime,https://www.cricketcountry.com/players/charles-hime/
Charles Henry Mills,https://www.cricketcountry.com/players/charles-mills/
Charles Frederick Henry Prince,https://www.cricketcountry.com/players/charles-prince/
Charles Henry Vintcent,https://www.cricketcountry.com/players/charles-vintcent/
Charles Edward Finlason,https://www.cricketcountry.com/players/charlie-finlason/
Charles Newton Frank,https://www.cricketcountry.com/players/charlie-frank/
Charles Bennett Llewellyn,https://www.cricketcountry.com/players/charlie-llewellyn/
Charles James Edward Smith,https://www.cricketcountry.com/players/charlie-smith/
Christopher George de Villiers Burger,https://www.cricketcountry.com/players/chris-burger/
Christopher Anthony Russell Duckworth,https://www.cricketcountry.com/players/chris-duckworth/
Clarence Skelton Wimble,https://www.cricketcountry.com/players/clarence-wimble/
Claude Pagdett Carter,https://www.cricketcountry.com/players/claude-carter/
Claude Eugene Floquet,https://www.cricketcountry.com/players/claude-floquet/
Claude Newberry,https://www.cricketcountry.com/players/claude-newberry/
Clement Lecky Johnson,https://www.cricketcountry.com/players/clement-johnson/
Clive Gray Halse,https://www.cricketcountry.com/players/clive-halse/
Clive Berrange van Ryneveld,https://www.cricketcountry.com/players/clive-van-ryneveld/
Kenneth Colin Bland,https://www.cricketcountry.com/players/colin-bland/
Colin Wesley,https://www.cricketcountry.com/players/colin-wesley/
Cuan Neil McCarthy,https://www.cricketcountry.com/players/cuan-mccarthy/
Cyril Matthew Francois,https://www.cricketcountry.com/players/cyril-francois/
Cyril Leverton Vincent,https://www.cricketcountry.com/players/cyril-vincent/
Dalton Parry Conyngham,https://www.cricketcountry.com/players/dalton-conyngham/
Daniel Taylor,https://www.cricketcountry.com/players/dan-taylor/
Dane James Vilas,https://www.cricketcountry.com/players/dane-vilas/
Durant Clifford Parkin,https://www.cricketcountry.com/players/dante-parkin/
Arthur William Nourse,https://www.cricketcountry.com/players/dave-nourse/
David Ernest James Ironside,https://www.cricketcountry.com/players/david-ironside/
David Bartlett Pithey,https://www.cricketcountry.com/players/david-pithey/
Denijs Paul Beck Morkel,https://www.cricketcountry.com/players/denijs-morkel/
Denis Warburton Begbie,https://www.cricketcountry.com/players/denis-begbie/
Denis Thomson Lindsay,https://www.cricketcountry.com/players/denis-lindsay/
Denis Stanley Tomlinson,https://www.cricketcountry.com/players/denis-tomlinson/
Dennis Victor Dyer,https://www.cricketcountry.com/players/dennis-dyer/
Dennis Gamsy,https://www.cricketcountry.com/players/dennis-gamsy/
George Derek Varnals,https://www.cricketcountry.com/players/derek-varnals/
Dewald Pretorius,https://www.cricketcountry.com/players/dewald-pretorius/
Richard John Westcott,https://www.cricketcountry.com/players/dick-westcott/
William Henry Matthews Richards,https://www.cricketcountry.com/players/dicky-richards/
Arthur Wellesley Briscoe,https://www.cricketcountry.com/players/dooley-briscoe/
Douglas James Meintjes,https://www.cricketcountry.com/players/doug-meintjes/
Arthur Dudley Nourse,https://www.cricketcountry.com/players/dudley-nourse/
Edgar John Barlow,https://www.cricketcountry.com/players/eddie-barlow/
Edward Russell Henry Fuller,https://www.cricketcountry.com/players/eddie-fuller/
Edward Alexander van der Merwe,https://www.cricketcountry.com/players/edward-van-der-merwe/
Eric Londesbrough Dalton,https://www.cricketcountry.com/players/eric-dalton/
Eric Quail Davies,https://www.cricketcountry.com/players/eric-davies/
Waldemar Frederick Eric Marx,https://www.cricketcountry.com/players/eric-marx/
Eric Alfred Burchell Rowan,https://www.cricketcountry.com/players/eric-rowan/
Ernest George Bock,https://www.cricketcountry.com/players/ernest-bock/
Ernest Austin Halliwell,https://www.cricketcountry.com/players/ernest-halliwell/
Albert Edward Ernest Vogler,https://www.cricketcountry.com/players/ernie-vogler/
Lawrence Anderson Markham,https://www.cricketcountry.com/players/fish-markham/
Jacobus Francois du Toit,https://www.cricketcountry.com/players/flooi-du-toit/
Frank Hearne,https://www.cricketcountry.com/players/frank-hearne/
Frank Mitchell,https://www.cricketcountry.com/players/frank-mitchell/
Frank Nicholson,https://www.cricketcountry.com/players/frank-nicholson/
Frederick Louis le Roux,https://www.cricketcountry.com/players/fred-le-roux/
Frederick William Smith,https://www.cricketcountry.com/players/fred-smith/
Manfred John Susskind,https://www.cricketcountry.com/players/fred-susskind/
Frederick James Cook,https://www.cricketcountry.com/players/frederick-cook/
Frederick Kuys,https://www.cricketcountry.com/players/frederick-kuys/
Friedel de Wet,https://www.cricketcountry.com/players/friedel-de-wet/
Geoffrey Walter Ashton Chubb,https://www.cricketcountry.com/players/geoff-chubb/
Geoffrey Merton Griffin,https://www.cricketcountry.com/players/geoff-griffin/
George Finlay Bissett,https://www.cricketcountry.com/players/george-bissett/
George Murray Fullerton,https://www.cricketcountry.com/players/george-fullerton/
George Keyworth Glover,https://www.cricketcountry.com/players/george-glover/
George Macdonald Parker,https://www.cricketcountry.com/players/george-parker/
George Alexander Rowe,https://www.cricketcountry.com/players/george-rowe/
George Harold Shepstone,https://www.cricketcountry.com/players/george-shepstone/
George Lancelot Tapscott,https://www.cricketcountry.com/players/george-tapscott/
George Thornton,https://www.cricketcountry.com/players/george-thornton/
Gerald Edward Bond,https://www.cricketcountry.com/players/gerald-bond/
Gerald Patrick Desmond Hartigan,https://www.cricketcountry.com/players/gerald-hartigan/
Glen Gordon Hall,https://www.cricketcountry.com/players/glen-hall/
William Hare Ashley,https://www.cricketcountry.com/players/gobo-ashley/
Godfrey Cripps,https://www.cricketcountry.com/players/godfrey-cripps/
Godfrey Bernard Lawrence,https://www.cricketcountry.com/players/godfrey-lawrence/
Gordon Charles White,https://www.cricketcountry.com/players/gordon-white/
Robert Graeme Pollock,https://www.cricketcountry.com/players/graeme-pollock/
Grahame Anton Chevalier,https://www.cricketcountry.com/players/grahame-chevalier/
Gustav Adolph Kempis,https://www.cricketcountry.com/players/gus-kempis/
Harold Vane Baumgartner,https://www.cricketcountry.com/players/harold-baumgartner/
Harry Dudley Bromfield,https://www.cricketcountry.com/players/harry-bromfield/
Headley James Keith,https://www.cricketcountry.com/players/headley-keith/
Heino Gunther Kuhn,https://www.cricketcountry.com/players/heino-kuhn/
Henry Melville Taberer,https://www.cricketcountry.com/players/henry-taberer/
Herbert Wilfred Taylor,https://www.cricketcountry.com/players/herbie-taylor/
Herbert Frederick Wade,https://www.cricketcountry.com/players/herby-wade/
Horace William Chapman,https://www.cricketcountry.com/players/horace-chapman/
Howard Henry Francis,https://www.cricketcountry.com/players/howard-francis/
Hugh Joseph Tayfield,https://www.cricketcountry.com/players/hugh-tayfield/
Hylton Deon Ackerman,https://www.cricketcountry.com/players/hylton-ackerman/
Imraan Khan,https://www.cricketcountry.com/players/imraan-khan/
Isaac Daniel Buys,https://www.cricketcountry.com/players/izak-buys/
John Erskine Cheetham,https://www.cricketcountry.com/players/jack-cheetham/
John Desmond Nel,https://www.cricketcountry.com/players/jack-nel/
Jack Bruce Plimsoll,https://www.cricketcountry.com/players/jack-plimsoll/
John Benjamin Robertson,https://www.cricketcountry.com/players/jack-robertson/
Ivan Julian Siedle,https://www.cricketcountry.com/players/jack-siedle/
James Thomas Botten,https://www.cricketcountry.com/players/jackie-botten/
John Harcourt du Preez,https://www.cricketcountry.com/players/jackie-du-preez/
Derrick John McGlew,https://www.cricketcountry.com/players/jackie-mcglew/
Jacobus Petrus Duminy,https://www.cricketcountry.com/players/jacobus-duminy/
James Alexander Joseph Christy,https://www.cricketcountry.com/players/jim-christy/
James Edward Pothecary,https://www.cricketcountry.com/players/jim-pothecary/
James Manuel Blanckenberg,https://www.cricketcountry.com/players/jimmy-blanckenberg/
James Hugh Sinclair,https://www.cricketcountry.com/players/jimmy-sinclair/
Horace Brakenridge Cameron,https://www.cricketcountry.com/players/jock-cameron/
Joseph Lovell Cox,https://www.cricketcountry.com/players/joe-cox/
Joseph Titus Partridge,https://www.cricketcountry.com/players/joe-partridge/
Johannes Jacobus Kotze,https://www.cricketcountry.com/players/johannes-kotze/
John Alexander Kennedy Cochran,https://www.cricketcountry.com/players/john-cochran/
John Brian Commins,https://www.cricketcountry.com/players/john-commins/
John Fairless William Nicolson,https://www.cricketcountry.com/players/john-nicolson/
John A Reid,https://www.cricketcountry.com/players/john-reid/
John Henry Bickford Waite,https://www.cricketcountry.com/players/john-waite/
John Cecil Watkins,https://www.cricketcountry.com/players/john-watkins/
John Dixon Lindsay,https://www.cricketcountry.com/players/johnny-lindsay/
Jonathan Payn Fellows-Smith,https://www.cricketcountry.com/players/jonathan-fellows-smith/
Joseph Thomas Willoughby,https://www.cricketcountry.com/players/joseph-willoughby/
Michael Arthur Seymour,https://www.cricketcountry.com/players/kelly-seymour/
Kenneth James Funston,https://www.cricketcountry.com/players/ken-funston/
Kenneth George Viljoen,https://www.cricketcountry.com/players/ken-viljoen/
Kenneth Alexander Walter,https://www.cricketcountry.com/players/kenneth-walter/
Michael Kelsey Elgie,https://www.cricketcountry.com/players/kim-elgie/
Brian Lee Irvine,https://www.cricketcountry.com/players/lee-irvine/
Lindsay Richard Tuckett,https://www.cricketcountry.com/players/len-tuckett/
Lennox Sidney Brown,https://www.cricketcountry.com/players/lennox-brown/
Lindsay Thomas Delville Tuckett,https://www.cricketcountry.com/players/lindsay-tuckett/
Lionel Eric Tapscott,https://www.cricketcountry.com/players/lionel-tapscott/
Henry Louis Ernest Promnitz,https://www.cricketcountry.com/players/louis-promnitz/
Louis Anthony Stricker,https://www.cricketcountry.com/players/louis-stricker/
Louis Joseph Tancred,https://www.cricketcountry.com/players/louis-tancred/
Christopher Maitland Howard Hathorn,https://www.cricketcountry.com/players/maitland-hathorn/
Martin Andrew Hanley,https://www.cricketcountry.com/players/martin-hanley/
Mfuneko Ngam,https://www.cricketcountry.com/players/mfuneko-ngam/
John McIllwaine Moore Commaille,https://www.cricketcountry.com/players/mick-commaille/
Michael George Melle,https://www.cricketcountry.com/players/mick-melle/
Michael John Macaulay,https://www.cricketcountry.com/players/mike-macaulay/
Michael John Procter,https://www.cricketcountry.com/players/mike-procter/
Murray Bisset,https://www.cricketcountry.com/players/murray-bisset/
Neil Amwin Treharne Adcock,https://www.cricketcountry.com/players/neil-adcock/
Nevil Vernon Lindsay,https://www.cricketcountry.com/players/neville-lindsay/
Neville Anthony Quinn,https://www.cricketcountry.com/players/neville-quinn/
Nicolaas Hendrik Christiaan de Jong Theunissen,https://www.cricketcountry.com/players/nicolaas-theunissen/
Norman Gordon,https://www.cricketcountry.com/players/norman-gordon/
Norman Ogilvie Norton,https://www.cricketcountry.com/players/norman-norton/
Norman Reid,https://www.cricketcountry.com/players/norman-reid/
Hubert Gouvaine Deane,https://www.cricketcountry.com/players/nummy-deane/
Charles Ormerod Cato Pearse,https://www.cricketcountry.com/players/ormerod-pearse/
Oswald Charles Dawson,https://www.cricketcountry.com/players/ossie-dawson/
Owen Robert Dunell,https://www.cricketcountry.com/players/owen-dunell/
Owen Edgar Wynne,https://www.cricketcountry.com/players/owen-wynne/
Patrick Henry Joseph Trimborn,https://www.cricketcountry.com/players/pat-trimborn/
Paul Lyndhurst Winslow,https://www.cricketcountry.com/players/paul-winslow/
Percy Neville Frank Mansell,https://www.cricketcountry.com/players/percy-mansell/
Percy William Sherwell,https://www.cricketcountry.com/players/percy-sherwell/
Percy Sydney Twentyman-Jones,https://www.cricketcountry.com/players/percy-twentyman-jones/
Peter Rudolph Carlstein,https://www.cricketcountry.com/players/peter-carlstein/
Peter Samuel Heine,https://www.cricketcountry.com/players/peter-heine/
Peter Maclean Pollock,https://www.cricketcountry.com/players/peter-pollock/
Peter Laurence van der Merwe,https://www.cricketcountry.com/players/peter-van-der-merwe/
Philip Albert Myburgh Hands,https://www.cricketcountry.com/players/philip-hands/
Philip Hutchinson,https://www.cricketcountry.com/players/philip-hutchinson/
Pieter Gerhard Vintcent van der Bijl,https://www.cricketcountry.com/players/pieter-van-der-bijl/
Percy Tyson Lewis,https://www.cricketcountry.com/players/plum-lewis/
Quintin McMillan,https://www.cricketcountry.com/players/quintin-mcmillan/
Reginald Oscar Schwarz,https://www.cricketcountry.com/players/reggie-schwarz/
Reginald Harry Myburgh Hands,https://www.cricketcountry.com/players/reginald-hands/
Richard Dumbrill,https://www.cricketcountry.com/players/richard-dumbrill/
Richard Ernst Levi,https://www.cricketcountry.com/players/richard-levi/
Robert Reid Dower,https://www.cricketcountry.com/players/robert-dower/
Robert Anthony Gleeson,https://www.cricketcountry.com/players/robert-gleeson/
Robert Graham,https://www.cricketcountry.com/players/robert-graham/
Robert Lyon Harvey,https://www.cricketcountry.com/players/robert-harvey/
Robert Montagu Poore,https://www.cricketcountry.com/players/robert-poore/
Robert Burnard Stewart,https://www.cricketcountry.com/players/robert-stewart/
Rolland Beaumont,https://www.cricketcountry.com/players/rolland-beaumont/
Ronald George Draper,https://www.cricketcountry.com/players/ronald-draper/
Ronald Eustace Grieveson,https://www.cricketcountry.com/players/ronnie-grieveson/
Roy Alastair McLean,https://www.cricketcountry.com/players/roy-mclean/
William Russell Endean,https://www.cricketcountry.com/players/russell-endean/
Alexander John Bell,https://www.cricketcountry.com/players/sandy-bell/
Alistair Innes Taylor,https://www.cricketcountry.com/players/scotch-taylor/
Stanley Keppel Coen,https://www.cricketcountry.com/players/shunter-coen/
Sidney O'Linn,https://www.cricketcountry.com/players/sid-o-linn/
Sidney James Pegler,https://www.cricketcountry.com/players/sid-pegler/
Sivert Vause Samuelson,https://www.cricketcountry.com/players/sivert-samuelson/
Stanley de la Courtte Snooke,https://www.cricketcountry.com/players/stanley-snooke/
Sydney Harry Curnow,https://www.cricketcountry.com/players/syd-curnow/
Sydney Frank Burke,https://www.cricketcountry.com/players/sydney-burke/
Thami Lungisa Tsolekile,https://www.cricketcountry.com/players/thami-tsolekile/
Thomas William Routledge,https://www.cricketcountry.com/players/thomas-routledge/
Herbert Roy Lance,https://www.cricketcountry.com/players/tiger-lance/
Sibley John Snooke,https://www.cricketcountry.com/players/tip-snooke/
Thomas Campbell,https://www.cricketcountry.com/players/tom-campbell/
Thomas Alfred Ward,https://www.cricketcountry.com/players/tommy-ward/
Terence Anthony Harris,https://www.cricketcountry.com/players/tony-harris/
Anthony John Pithey,https://www.cricketcountry.com/players/tony-pithey/
Trevor Leslie Goddard,https://www.cricketcountry.com/players/trevor-goddard/
Norman Bertram Fleetwood Mann,https://www.cricketcountry.com/players/tufty-mann/
Harold Geoffrey Owen Owen-Smith,https://www.cricketcountry.com/players/tuppy-owen-smith/
Tyron Henderson,https://www.cricketcountry.com/players/tyron-henderson/
Vincent Maximillian Tancred,https://www.cricketcountry.com/players/vincent-tancred/
Vivian Ian Smith,https://www.cricketcountry.com/players/vivian-ian-smith/
William Henry Brann,https://www.cricketcountry.com/players/william-brann/
William Victor Stone Ling,https://www.cricketcountry.com/players/william-ling/
William Henry Milton,https://www.cricketcountry.com/players/william-milton/
William Alfred Shalders,https://www.cricketcountry.com/players/william-shalders/
William Rodger Thomson Solomon,https://www.cricketcountry.com/players/william-solomon/
Xenophon Constantine Balaskas,https://www.cricketcountry.com/players/xen-balaskas/
Yusuf Adam Abdulla,https://www.cricketcountry.com/players/yusuf-abdulla/
Zander de Bruyn,https://www.cricketcountry.com/players/zander-de-bruyn/
