Name,Link
Adam Sanford,https://www.cricketcountry.com/players/adam-sanford/
Albert Leroy Padmore,https://www.cricketcountry.com/players/albert-padmore/
Alfred Phillip Binns,https://www.cricketcountry.com/players/alfred-binns/
Alfred Homer Patrick Scott,https://www.cricketcountry.com/players/alfred-scott/
Alfred Louis Valentine,https://www.cricketcountry.com/players/alfred-valentine/
Allan Fitzroy Rae,https://www.cricketcountry.com/players/allan-rae/
Alphonso Theodore Roberts,https://www.cricketcountry.com/players/alphonso-roberts/
Amit Sheldon Jaggernauth,https://www.cricketcountry.com/players/amit-jaggernauth/
Andrew Gordon Ganteaume,https://www.cricketcountry.com/players/andy-ganteaume/
Charles Archibald Wiles,https://www.cricketcountry.com/players/archie-wiles/
Arthur George Barrett,https://www.cricketcountry.com/players/arthur-barrett/
Assad Badyr Fudadin,https://www.cricketcountry.com/players/assad-fudadin/
Edward Lawson Bartlett,https://www.cricketcountry.com/players/barto-bartlett/
Basil Fitzherbert Butcher,https://www.cricketcountry.com/players/basil-butcher/
Alvadon Basil Williams,https://www.cricketcountry.com/players/basil-williams/
Benjamin James Sealey,https://www.cricketcountry.com/players/ben-sealey/
Berkeley Bertram McGarrell Gaskin,https://www.cricketcountry.com/players/berkeley-gaskin/
Carlos Bertram Clarke,https://www.cricketcountry.com/players/bertie-clarke/
Brandon Jeremy Bess,https://www.cricketcountry.com/players/brandon-bess/
Bruce Hamilton Pairaudeau,https://www.cricketcountry.com/players/bruce-pairaudeau/
Bryan Allan Davis,https://www.cricketcountry.com/players/bryan-davis/
Lennox Stephen Butler,https://www.cricketcountry.com/players/bunny-butler/
Cameron Wilberforce Smith,https://www.cricketcountry.com/players/cammie-smith/
Charles Ernest Llewellyn Jones,https://www.cricketcountry.com/players/charles-jones/
Charles Allan Davis,https://www.cricketcountry.com/players/charlie-davis/
Charles Christopher Griffith,https://www.cricketcountry.com/players/charlie-griffith/
Sven Conrad Stayers,https://www.cricketcountry.com/players/charlie-stayers/
Charran Kamkaran Singh,https://www.cricketcountry.com/players/charran-singh/
Chester Donald Watson,https://www.cricketcountry.com/players/chester-watson/
Christopher Dion Barnwell,https://www.cricketcountry.com/players/christopher-barnwell/
Cyril Clairmonte Depeiaza,https://www.cricketcountry.com/players/clairmonte-depeiaza/
Charles Clarence Passailaigue,https://www.cricketcountry.com/players/clarence-passailaigue/
Clifford Aubrey McWatt,https://www.cricketcountry.com/players/cliff-mcwatt/
Clifford Archibald Roach,https://www.cricketcountry.com/players/clifford-roach/
Clyde Godfrey Butts,https://www.cricketcountry.com/players/clyde-butts/
Clyde Leopold Walcott,https://www.cricketcountry.com/players/clyde-walcott/
O'Neil Gordon Smith,https://www.cricketcountry.com/players/collie-smith/
Conrad Cleophas Hunte,https://www.cricketcountry.com/players/conrad-hunte/
Cyril Marcel Christiani,https://www.cricketcountry.com/players/cyril-christiani/
Cyril Arthur Merry,https://www.cricketcountry.com/players/cyril-merry/
David Walter Allan,https://www.cricketcountry.com/players/david-allan/
David Anthony Jerome Holford,https://www.cricketcountry.com/players/david-holford/
David Rolston Emmanuel Joseph,https://www.cricketcountry.com/players/david-joseph/
Denis St Eval Atkinson,https://www.cricketcountry.com/players/denis-atkinson/
James Edward Derrick Sealy,https://www.cricketcountry.com/players/derek-sealy/
Derwin O'Neil Christian,https://www.cricketcountry.com/players/derwin-christian/
Desmond Michael Lewis,https://www.cricketcountry.com/players/desmond-lewis/
Richard Livingston Fuller,https://www.cricketcountry.com/players/dickie-fuller/
Donovan Jomo Pagon,https://www.cricketcountry.com/players/donovan-pagon/
Dwight Marlon Washington,https://www.cricketcountry.com/players/dwight-washington/
Easton Dudley Ashton St John McMorris,https://www.cricketcountry.com/players/easton-mcmorris/
Edwin Lloyd St Hill,https://www.cricketcountry.com/players/edwin-st-hill/
Elquemedo Tonito Willett,https://www.cricketcountry.com/players/elquemedo-willett/
Eric St Eval Atkinson,https://www.cricketcountry.com/players/eric-atkinson/
Errol Ashton Clairmore Hunte,https://www.cricketcountry.com/players/errol-hunte/
Esmond Seymour Maurice Kentish,https://www.cricketcountry.com/players/esmond-kentish/
Everton de Courcy Weekes,https://www.cricketcountry.com/players/everton-weekes/
Ernest Albert Vivian Williams,https://www.cricketcountry.com/players/foffie-williams/
Francis Ignatius de Caires,https://www.cricketcountry.com/players/frank-de-caires/
Frank McDonald King,https://www.cricketcountry.com/players/frank-king/
Frank Reginald Martin,https://www.cricketcountry.com/players/frank-martin/
Frank Mortimer Maglinne Worrell,https://www.cricketcountry.com/players/frank-worrell/
Gareth Rohan Breese,https://www.cricketcountry.com/players/gareth-breese/
Garey Earl Mathurin,https://www.cricketcountry.com/players/garey-mathurin/
Geoffrey Alan Greenidge,https://www.cricketcountry.com/players/geoff-greenidge/
George McDonald Carew,https://www.cricketcountry.com/players/george-carew/
George Challenor,https://www.cricketcountry.com/players/george-challenor/
George Nathaniel Francis,https://www.cricketcountry.com/players/george-francis/
George Gladstone Morais,https://www.cricketcountry.com/players/george-gladstone/
George Alphonso Headley,https://www.cricketcountry.com/players/george-headley/
George Horatio Mudie,https://www.cricketcountry.com/players/george-mudie/
Franz Copeland Murray Alexander,https://www.cricketcountry.com/players/gerry-alexander/
Gerald Ethridge Gomez,https://www.cricketcountry.com/players/gerry-gomez/
Glendon Lionel Gibbs,https://www.cricketcountry.com/players/glendon-gibbs/
Grayson Cleophas Shillingford,https://www.cricketcountry.com/players/grayson-shillingford/
Hammond Allan Furlonge,https://www.cricketcountry.com/players/hammond-furlonge/
Herbert Samuel Chang,https://www.cricketcountry.com/players/herbert-chang/
Herman Clarence Griffith,https://www.cricketcountry.com/players/herman-griffith/
Hophnie Hobah Hines Johnson,https://www.cricketcountry.com/players/hines-johnson/
Ian Basil Alston Allen,https://www.cricketcountry.com/players/ian-allen/
Imtiaz Ali,https://www.cricketcountry.com/players/imtiaz-ali/
Inshan Ali,https://www.cricketcountry.com/players/inshan-ali/
Ivanhoe Mordecai Barrow,https://www.cricketcountry.com/players/ivan-barrow/
Ivan Samuel Madray,https://www.cricketcountry.com/players/ivan-madray/
Ivor Leon Mendonca,https://www.cricketcountry.com/players/ivor-mendonca/
Jack Mollinson Noreiga,https://www.cricketcountry.com/players/jack-noreiga/
George Copeland Grant,https://www.cricketcountry.com/players/jackie-grant/
John Leslie Hendriks,https://www.cricketcountry.com/players/jackie-hendriks/
James Montague Neblett,https://www.cricketcountry.com/players/james-neblett/
Jaswick Ossie Taylor,https://www.cricketcountry.com/players/jaswick-taylor/
Jeffrey Baxter Stollmeyer,https://www.cricketcountry.com/players/jeffrey-stollmeyer/
Francis James Cameron,https://www.cricketcountry.com/players/jimmy-cameron/
Joseph A Small,https://www.cricketcountry.com/players/joe-small/
Joseph Stanislaus Solomon,https://www.cricketcountry.com/players/joe-solomon/
Michael Conrad Carew,https://www.cricketcountry.com/players/joey-carew/
John Hemsley Cameron,https://www.cricketcountry.com/players/john-cameron/
John Douglas Claude Goddard,https://www.cricketcountry.com/players/john-goddard/
John Kenneth Constantine Holt,https://www.cricketcountry.com/players/john-holt/
John Neil Shepherd,https://www.cricketcountry.com/players/john-shepherd/
John Trim,https://www.cricketcountry.com/players/john-trim/
Robert Karl Nunes,https://www.cricketcountry.com/players/karl-nunes/
Kenneth Leslie Wishart,https://www.cricketcountry.com/players/ken-wishart/
Kenneth Roy Rickards,https://www.cricketcountry.com/players/kenneth-rickards/
Kenneth Hunnell Weekes,https://www.cricketcountry.com/players/kenneth-weekes/
Kevon Keston Cooper,https://www.cricketcountry.com/players/kevon-cooper/
Krishmar Santokie,https://www.cricketcountry.com/players/krishmar-santokie/
Lancelot Richard Pierre,https://www.cricketcountry.com/players/lance-pierre/
Learie Nicholas Constantine,https://www.cricketcountry.com/players/learie-constantine/
Leonard Baichan,https://www.cricketcountry.com/players/len-baichan/
Leslie George Hylton,https://www.cricketcountry.com/players/leslie-hylton/
Leslie Arthur Walcott,https://www.cricketcountry.com/players/leslie-walcott/
George Leslie Wight,https://www.cricketcountry.com/players/leslie-wight/
Lester Anthony King,https://www.cricketcountry.com/players/lester-king/
Lincoln Abraham Roberts,https://www.cricketcountry.com/players/lincoln-roberts/
Lionel Sydney Birkett,https://www.cricketcountry.com/players/lionel-birkett/
Emmanuel Alfred Martindale,https://www.cricketcountry.com/players/manny-martindale/
Maurius Pacheco Fernandes,https://www.cricketcountry.com/players/maurice-fernandes/
Mervyn George Grell,https://www.cricketcountry.com/players/mervyn-grell/
Michael Campbell Frederick,https://www.cricketcountry.com/players/michael-frederick/
Thaddeus Michael Findlay,https://www.cricketcountry.com/players/mike-findlay/
Miles Cameron Bascombe,https://www.cricketcountry.com/players/miles-bascombe/
Nelson Betancourt,https://www.cricketcountry.com/players/nelson-betancourt/
Nkruma Eljego Bonner,https://www.cricketcountry.com/players/nkruma-bonner/
Norman Edgar Marshall,https://www.cricketcountry.com/players/norman-marshall/
Nyron Sultan Asgarali,https://www.cricketcountry.com/players/nyron-asgarali/
Omar Jamel Phillips,https://www.cricketcountry.com/players/omar-phillips/
Oscar Constantine Da Costa,https://www.cricketcountry.com/players/oscar-da-costa/
Patrick Douglas Lashley,https://www.cricketcountry.com/players/peter-lashley/
Prior Erskine Waverley Jones,https://www.cricketcountry.com/players/prior-jones/
Ellis Edgar Achong,https://www.cricketcountry.com/players/puss-achong/
Ralph Archibald Legall,https://www.cricketcountry.com/players/ralph-legall/
Rangy Nanan,https://www.cricketcountry.com/players/rangy-nanan/
Raphick Rasif Jumadeen,https://www.cricketcountry.com/players/raphick-jumadeen/
Reginald Osmond Scarlett,https://www.cricketcountry.com/players/reg-scarlett/
Richard Martin Edwards,https://www.cricketcountry.com/players/richard-edwards/
Robert Julian Christiani,https://www.cricketcountry.com/players/robert-christiani/
Michael Robin Bynoe,https://www.cricketcountry.com/players/robin-bynoe/
Rolph Stewart Grant,https://www.cricketcountry.com/players/rolph-grant/
Roy Gilchrist,https://www.cricketcountry.com/players/roy-gilchrist/
Roy Edwin Marshall,https://www.cricketcountry.com/players/roy-marshall/
Roy Samuel Miller,https://www.cricketcountry.com/players/roy-miller/
Ryan Anthony Austin,https://www.cricketcountry.com/players/ryan-austin/
Simpson Clairmonte Guillen,https://www.cricketcountry.com/players/sam-guillen/
Samuel Badree,https://www.cricketcountry.com/players/samuel-badree/
Seymour MacDonald Nurse,https://www.cricketcountry.com/players/seymour-nurse/
Shane Shillingford,https://www.cricketcountry.com/players/shane-shillingford/
Cyril Rutherford Browne,https://www.cricketcountry.com/players/snuffy-browne/
Sonny Ramadhin,https://www.cricketcountry.com/players/sonny-ramadhin/
George Stephen Camacho,https://www.cricketcountry.com/players/steve-camacho/
Suruj Ragoonath,https://www.cricketcountry.com/players/suruj-ragoonath/
Edward Lisle Goldsworthy Hoad,https://www.cricketcountry.com/players/teddy-hoad/
David Thomas Dewdney,https://www.cricketcountry.com/players/tom-dewdney/
Oscar Charles Scott,https://www.cricketcountry.com/players/tommy-scott/
Anthony Bourne Howard,https://www.cricketcountry.com/players/tony-howard/
Anthony Wilbur White,https://www.cricketcountry.com/players/tony-white/
Tyrell Fabian Johnson,https://www.cricketcountry.com/players/tyrell-johnson/
Uton George Dowe,https://www.cricketcountry.com/players/uton-dowe/
Claude Vibart Wight,https://www.cricketcountry.com/players/vibart-wight/
Victor Humphrey Stollmeyer,https://www.cricketcountry.com/players/vic-stollmeyer/
Vincent Adolphus Valentine,https://www.cricketcountry.com/players/vincent-valentine/
Wesley Winfield Hall,https://www.cricketcountry.com/players/wes-hall/
Wilfred Ferguson,https://www.cricketcountry.com/players/wilf-ferguson/
William Keith Donald Perkins,https://www.cricketcountry.com/players/william-perkins/
William Vicente Rodriguez,https://www.cricketcountry.com/players/willie-rodriguez/
Wilton H St Hill,https://www.cricketcountry.com/players/wilton-st-hill/
